0.05,970
0.1,970
0.15,970
0.2,970
0.25,970
0.3,970
0.35,970
0.4,970
0.45,970
0.5,970
0.55,970
0.6,970
0.65,970
0.7,970
0.75,970
0.8,970
0.85,970
0.9,970
0.95,970
1,970
1.05,970
1.1,970
1.15,970
1.2,970
1.25,970
1.3,970
1.35,970
1.4,970
1.45,970
1.5,970
1.55,970
1.6,970
1.65,970
1.7,970
1.75,970
1.8,970
1.85,970
1.9,970
1.95,970
2,970
2.05,970
2.1,970
2.15,970
2.2,970
2.25,970
2.3,970
2.35,970
2.4,970
2.45,970
2.5,970
2.55,970
2.6,970
2.65,970
2.7,970
2.75,970
2.8,970
2.85,970
2.9,970
2.95,970
3,970
3.05,970
3.1,970
3.15,970
3.2,970
3.25,970
3.3,970
3.35,970
3.4,970
3.45,970
3.5,970
3.55,970
3.6,970
3.65,970
3.7,970
3.75,970
3.8,970
3.85,970
3.9,970
3.95,970
4,970
4.05,970
4.1,970
4.15,970
4.2,970
4.25,970
4.3,970
4.35,970
4.4,970
4.45,970
4.5,970
4.55,970
4.6,970
4.65,970
4.7,970
4.75,970
4.8,970
4.85,970
4.9,970
4.95,970
5,970
5.05,970
5.1,970
5.15,970
5.2,970
5.25,970
5.3,970
5.35,970
5.4,970
5.45,970
5.5,970
5.55,970
5.6,970
5.65,970
5.7,970
5.75,970
5.8,970
5.85,970
5.9,970
5.95,970
6,970
6.05,970
6.1,970
6.15,970
6.2,970
6.25,970
6.3,970
6.35,970
6.4,970
6.45,970
6.5,970
6.55,970
6.6,970
6.65,970
6.7,970
6.75,970
6.8,970
6.85,970
6.9,970
6.95,970
7,970
7.05,970
7.1,970
7.15,970
7.2,970
7.25,970
7.3,970
7.35,970
7.4,970
7.45,970
7.5,970
7.55,970
7.6,970
7.65,970
7.7,970
7.75,970
7.8,970
7.85,970
7.9,970
7.95,970
8,970
8.05,970
8.1,970
8.15,970
8.2,970
8.25,970
8.3,970
8.35,970
8.4,970
8.45,970
8.5,970
8.55,970
8.6,970
8.65,970
8.7,970
8.75,970
8.8,970
8.85,970
8.9,970
8.95,970
9,970
9.05,970
9.1,970
9.15,970
9.2,970
9.25,970
9.3,970
9.35,970
9.4,970
9.45,970
9.5,970
9.55,970
9.6,970
9.65,970
9.7,970
9.75,970
9.8,970
9.85,970
9.9,970
9.95,970
10,970
10.05,970
10.1,970
10.15,970
10.2,970
10.25,970
10.3,970
10.35,970
10.4,970
10.45,970
10.5,970
10.55,970
10.6,970
10.65,970
10.7,970
10.75,970
10.8,970
10.85,970
10.9,970
10.95,970
11,970
11.05,970
11.1,970
11.15,970
11.2,970
11.25,970
11.3,970
11.35,970
11.4,970
11.45,970
11.5,970
11.55,970
11.6,970
11.65,970
11.7,970
11.75,970
11.8,970
11.85,970
11.9,970
11.95,970
12,970
12.05,970
12.1,970
12.15,970
12.2,970
12.25,970
12.3,970
12.35,970
12.4,970
12.45,970
12.5,970
12.55,970
12.6,970
12.65,970
12.7,970
12.75,970
12.8,970
12.85,970
12.9,970
12.95,970
13,970
13.05,970
13.1,970
13.15,970
13.2,970
13.25,970
13.3,970
13.35,970
13.4,970
13.45,970
13.5,970
13.55,970
13.6,970
13.65,970
13.7,970
13.75,970
13.8,970
13.85,970
13.9,970
13.95,970
14,970
14.05,970
14.1,970
14.15,970
14.2,970
14.25,970
14.3,970
14.35,970
14.4,970
14.45,970
14.5,970
14.55,970
14.6,970
14.65,970
14.7,970
14.75,970
14.8,970
14.85,970
14.9,970
14.95,970
15,970
15.05,970
15.1,970
15.15,970
15.2,970
15.25,970
15.3,970
15.35,970
15.4,970
15.45,970
15.5,970
15.55,970
15.6,970
15.65,970
15.7,970
15.75,970
15.8,970
15.85,970
15.9,970
15.95,970
16,970
16.05,970
16.1,970
16.15,970
16.2,970
16.25,970
16.3,970
16.35,970
16.4,970
16.45,970
16.5,970
16.55,970
16.6,970
16.65,970
16.7,970
16.75,970
16.8,970
16.85,970
16.9,970
16.95,970
17,970
17.05,970
17.1,970
17.15,970
17.2,970
17.25,970
17.3,970
17.35,970
17.4,970
17.45,970
17.5,970
17.55,970
17.6,970
17.65,970
17.7,970
17.75,970
17.8,970
17.85,970
17.9,970
17.95,970
18,970
18.05,970
18.1,970
18.15,970
18.2,970
18.25,970
18.3,970
18.35,970
18.4,970
18.45,970
18.5,970
18.55,970
18.6,970
18.65,970
18.7,970
18.75,970
18.8,970
18.85,970
18.9,970
18.95,970
19,970
19.05,970
19.1,970
19.15,970
19.2,970
19.25,970
19.3,970
19.35,970
19.4,970
19.45,970
19.5,970
19.55,970
19.6,970
19.65,970
19.7,970
19.75,970
19.8,970
19.85,970
19.9,970
19.95,970
20,970
20.05,970
20.1,970
20.15,970
20.2,970
20.25,970
20.3,970
20.35,970
20.4,970
20.45,970
20.5,970
20.55,970
20.6,970
20.65,970
20.7,970
20.75,970
20.8,970
20.85,970
20.9,970
20.95,970
21,970
21.05,970
21.1,970
21.15,970
21.2,970
21.25,970
21.3,970
21.35,970
21.4,970
21.45,970
21.5,970
21.55,970
21.6,970
21.65,970
21.7,970
21.75,970
21.8,970
21.85,970
21.9,970
21.95,970
22,970
22.05,970
22.1,970
22.15,970
22.2,970
22.25,970
22.3,970
22.35,970
22.4,970
22.45,970
22.5,970
22.55,970
22.6,970
22.65,970
22.7,970
22.75,970
22.8,970
22.85,970
22.9,970
22.95,970
23,970
23.05,970
23.1,970
23.15,970
23.2,970
23.25,970
23.3,970
23.35,970
23.4,970
23.45,970
23.5,970
23.55,970
23.6,970
23.65,970
23.7,970
23.75,970
23.8,970
23.85,970
23.9,970
23.95,970
24,970
24.05,970
24.1,970
24.15,970
24.2,970
24.25,970
24.3,970
24.35,970
24.4,970
24.45,970
24.5,970
24.55,970
24.6,970
24.65,970
24.7,970
24.75,970
24.8,970
24.85,970
24.9,970
24.95,970
25,970
25.05,970
25.1,970
25.15,970
25.2,970
25.25,970
25.3,970
25.35,970
25.4,970
25.45,970
25.5,970
25.55,970
25.6,970
25.65,970
25.7,970
25.75,970
25.8,970
25.85,970
25.9,970
25.95,970
26,970
26.05,970
26.1,970
26.15,970
26.2,970
26.25,970
26.3,970
26.35,970
26.4,970
26.45,970
26.5,970
26.55,970
26.6,970
26.65,970
26.7,970
26.75,970
26.8,970
26.85,970
26.9,970
26.95,970
27,970
27.05,970
27.1,970
27.15,970
27.2,970
27.25,970
27.3,970
27.35,970
27.4,970
27.45,970
27.5,970
27.55,970
27.6,970
27.65,970
27.7,970
27.75,970
27.8,970
27.85,970
27.9,970
27.95,970
28,970
28.05,970
28.1,970
28.15,970
28.2,970
28.25,970
28.3,970
28.35,970
28.4,970
28.45,970
28.5,970
28.55,970
28.6,970
28.65,970
28.7,970
28.75,970
28.8,970
28.85,970
28.9,970
28.95,970
29,970
29.05,970
29.1,970
29.15,970
29.2,970
29.25,970
29.3,970
29.35,970
29.4,970
29.45,970
29.5,970
29.55,970
29.6,970
29.65,970
29.7,970
29.75,970
29.8,970
29.85,970
29.9,970
29.95,970
30,970
30.05,970
30.1,970
30.15,970
30.2,970
30.25,970
30.3,970
30.35,970
30.4,970
30.45,970
30.5,970
30.55,970
30.6,970
30.65,970
30.7,970
30.75,970
30.8,970
30.85,970
30.9,970
30.95,970
31,970
31.05,970
31.1,970
31.15,970
31.2,970
31.25,970
31.3,970
31.35,970
31.4,970
31.45,970
31.5,970
31.55,970
31.6,970
31.65,970
31.7,970
31.75,970
31.8,970
31.85,970
31.9,970
31.95,970
32,970
32.05,970
32.1,970
32.15,970
32.2,970
32.25,970
32.3,970
32.35,970
32.4,970
32.45,970
32.5,970
32.55,970
32.6,970
32.65,970
32.7,970
32.75,970
32.8,970
32.85,970
32.9,970
32.95,970
33,970
33.05,970
33.1,970
33.15,970
33.2,970
33.25,970
33.3,970
33.35,970
33.4,970
33.45,970
33.5,970
33.55,970
33.6,970
33.65,970
33.7,970
33.75,970
33.8,970
33.85,970
33.9,970
33.95,970
34,970
34.05,970
34.1,970
34.15,970
34.2,970
34.25,970
34.3,970
34.35,970
34.4,970
34.45,970
34.5,970
34.55,970
34.6,970
34.65,970
34.7,970
34.75,970
34.8,970
34.85,970
34.9,970
34.95,970
35,970
35.05,970
35.1,970
35.15,970
35.2,970
35.25,970
35.3,970
35.35,970
35.4,970
35.45,970
35.5,970
35.55,970
35.6,970
35.65,970
35.7,970
35.75,970
35.8,970
35.85,970
35.9,970
35.95,970
36,970
36.05,970
36.1,970
36.15,970
36.2,970
36.25,970
36.3,970
36.35,970
36.4,970
36.45,970
36.5,970
36.55,970
36.6,970
36.65,970
36.7,970
36.75,970
36.8,970
36.85,970
36.9,970
36.95,970
37,970
37.05,970
37.1,970
37.15,970
37.2,970
37.25,970
37.3,970
37.35,970
37.4,970
37.45,970
37.5,970
37.55,970
37.6,970
37.65,970
37.7,970
37.75,970
37.8,970
37.85,970
37.9,970
37.95,970
38,970
38.05,970
38.1,970
38.15,970
38.2,970
38.25,970
38.3,970
38.35,970
38.4,970
38.45,970
38.5,970
38.55,970
38.6,970
38.65,970
38.7,970
38.75,970
38.8,970
38.85,970
38.9,970
38.95,970
39,970
39.05,970
39.1,970
39.15,970
39.2,970
39.25,970
39.3,970
39.35,970
39.4,970
39.45,970
39.5,970
39.55,970
39.6,970
39.65,970
39.7,970
39.75,970
39.8,970
39.85,970
39.9,970
39.95,970
40,970
40.05,970
40.1,970
40.15,970
40.2,970
40.25,970
40.3,970
40.35,970
40.4,970
40.45,970
40.5,970
40.55,970
40.6,970
40.65,970
40.7,970
40.75,970
40.8,970
40.85,970
40.9,970
40.95,970
41,970
41.05,970
41.1,970
41.15,970
41.2,970
41.25,970
41.3,970
41.35,970
41.4,970
41.45,970
41.5,970
41.55,970
41.6,970
41.65,970
41.7,970
41.75,970
41.8,970
41.85,970
41.9,970
41.95,970
42,970
42.05,970
42.1,970
42.15,970
42.2,970
42.25,970
42.3,970
42.35,970
42.4,970
42.45,970
42.5,970
42.55,970
42.6,970
42.65,970
42.7,970
42.75,970
42.8,970
42.85,970
42.9,970
42.95,970
43,970
43.05,970
43.1,970
43.15,970
43.2,970
43.25,970
43.3,970
43.35,970
43.4,970
43.45,970
43.5,970
43.55,970
43.6,970
43.65,970
43.7,970
43.75,970
43.8,970
43.85,970
43.9,970
43.95,970
44,970
44.05,970
44.1,970
44.15,970
44.2,970
44.25,970
44.3,970
44.35,970
44.4,970
44.45,970
44.5,970
44.55,970
44.6,970
44.65,970
44.7,970
44.75,970
44.8,970
44.85,970
44.9,970
44.95,970
45,970
45.05,970
45.1,970
45.15,970
45.2,970
45.25,970
45.3,970
45.35,970
45.4,970
45.45,970
45.5,970
45.55,970
45.6,970
45.65,970
45.7,970
45.75,970
45.8,970
45.85,970
45.9,970
45.95,970
46,970
46.05,970
46.1,970
46.15,970
46.2,970
46.25,970
46.3,970
46.35,970
46.4,970
46.45,970
46.5,970
46.55,970
46.6,970
46.65,970
46.7,970
46.75,970
46.8,970
46.85,970
46.9,970
46.95,970
47,970
47.05,970
47.1,970
47.15,970
47.2,970
47.25,970
47.3,970
47.35,970
47.4,970
47.45,970
47.5,970
47.55,970
47.6,970
47.65,970
47.7,970
47.75,970
47.8,970
47.85,970
47.9,970
47.95,970
48,970
48.05,970
48.1,970
48.15,970
48.2,970
48.25,970
48.3,970
48.35,970
48.4,970
48.45,970
48.5,970
48.55,970
48.6,970
48.65,970
48.7,970
48.75,970
48.8,970
48.85,970
48.9,970
48.95,970
49,970
49.05,970
49.1,970
49.15,970
49.2,970
49.25,970
49.3,970
49.35,970
49.4,970
49.45,970
49.5,970
49.55,970
49.6,970
49.65,970
49.7,970
49.75,970
49.8,970
49.85,970
49.9,970
49.95,970
50,970
50.05,970
50.1,970
50.15,970
50.2,970
50.25,970
50.3,970
50.35,970
50.4,970
50.45,970
50.5,970
50.55,970
50.6,970
50.65,970
50.7,970
50.75,970
50.8,970
50.85,970
50.9,970
50.95,970
51,970
51.05,970
51.1,970
51.15,970
51.2,970
51.25,970
51.3,970
51.35,970
51.4,970
51.45,970
51.5,970
51.55,970
51.6,970
51.65,970
51.7,970
51.75,970
51.8,970
51.85,970
51.9,970
51.95,970
52,970
52.05,970
52.1,970
52.15,970
52.2,970
52.25,970
52.3,970
52.35,970
52.4,970
52.45,970
52.5,970
52.55,970
52.6,970
52.65,970
52.7,970
52.75,970
52.8,970
52.85,970
52.9,970
52.95,970
53,970
53.05,970
53.1,970
53.15,970
53.2,970
53.25,970
53.3,970
53.35,970
53.4,970
53.45,970
53.5,970
53.55,970
53.6,970
53.65,970
53.7,970
53.75,970
53.8,970
53.85,970
53.9,970
53.95,970
54,970
54.05,970
54.1,970
54.15,970
54.2,970
54.25,970
54.3,970
54.35,970
54.4,970
54.45,970
54.5,970
54.55,970
54.6,970
54.65,970
54.7,970
54.75,970
54.8,970
54.85,970
54.9,970
54.95,970
55,970
55.05,970
55.1,970
55.15,970
55.2,970
55.25,970
55.3,970
55.35,970
55.4,970
55.45,970
55.5,970
55.55,970
55.6,970
55.65,970
55.7,970
55.75,970
55.8,970
55.85,970
55.9,970
55.95,970
56,970
56.05,970
56.1,970
56.15,970
56.2,970
56.25,970
56.3,970
56.35,970
56.4,970
56.45,970
56.5,970
56.55,970
56.6,970
56.65,970
56.7,970
56.75,970
56.8,970
56.85,970
56.9,970
56.95,970
57,970
57.05,970
57.1,970
57.15,970
57.2,970
57.25,970
57.3,970
57.35,970
57.4,970
57.45,970
57.5,970
57.55,970
57.6,970
57.65,970
57.7,970
57.75,970
57.8,970
57.85,970
57.9,970
57.95,970
58,970
58.05,970
58.1,970
58.15,970
58.2,970
58.25,970
58.3,970
58.35,970
58.4,970
58.45,970
58.5,970
58.55,970
58.6,970
58.65,970
58.7,970
58.75,970
58.8,970
58.85,970
58.9,970
58.95,970
59,970
59.05,970
59.1,970
59.15,970
59.2,970
59.25,970
59.3,970
59.35,970
59.4,970
59.45,970
59.5,970
59.55,970
59.6,970
59.65,970
59.7,970
59.75,970
59.8,970
59.85,970
59.9,970
59.95,970
60,970
60.05,970
60.1,970
60.15,970
60.2,970
60.25,970
60.3,970
60.35,970
60.4,970
60.45,970
60.5,970
60.55,970
60.6,970
60.65,970
60.7,970
60.75,970
60.8,970
60.85,970
60.9,970
60.95,970
61,970
61.05,970
61.1,970
61.15,970
61.2,970
61.25,970
61.3,970
61.35,970
61.4,970
61.45,970
61.5,970
61.55,970
61.6,970
61.65,970
61.7,970
61.75,970
61.8,970
61.85,970
61.9,970
61.95,970
62,970
62.05,970
62.1,970
62.15,970
62.2,970
62.25,970
62.3,970
62.35,970
62.4,970
62.45,970
62.5,970
62.55,970
62.6,970
62.65,970
62.7,970
62.75,970
62.8,970
62.85,970
62.9,970
62.95,970
63,970
63.05,970
63.1,970
63.15,970
63.2,970
63.25,970
63.3,970
63.35,970
63.4,970
63.45,970
63.5,970
63.55,970
63.6,970
63.65,970
63.7,970
63.75,970
63.8,970
63.85,970
63.9,970
63.95,970
64,970
64.05,970
64.1,970
64.15,970
64.2,970
64.25,970
64.3,970
64.35,970
64.4,970
64.45,970
64.5,970
64.55,970
64.6,970
64.65,970
64.7,970
64.75,970
64.8,970
64.85,970
64.9,970
64.95,970
65,970
65.05,970
65.1,970
65.15,970
65.2,970
65.25,970
65.3,970
65.35,970
65.4,970
65.45,970
65.5,970
65.55,970
65.6,970
65.65,970
65.7,970
65.75,970
65.8,970
65.85,970
65.9,970
65.95,970
66,970
66.05,970
66.1,970
66.15,970
66.2,970
66.25,970
66.3,970
66.35,970
66.4,970
66.45,970
66.5,970
66.55,970
66.6,970
66.65,970
66.7,970
66.75,970
66.8,970
66.85,970
66.9,970
66.95,970
67,970
67.05,970
67.1,970
67.15,970
67.2,970
67.25,970
67.3,970
67.35,970
67.4,970
67.45,970
67.5,970
67.55,970
67.6,970
67.65,970
67.7,970
67.75,970
67.8,970
67.85,970
67.9,970
67.95,970
68,970
68.05,970
68.1,970
68.15,970
68.2,970
68.25,970
68.3,970
68.35,970
68.4,970
68.45,970
68.5,970
68.55,970
68.6,970
68.65,970
68.7,970
68.75,970
68.8,970
68.85,970
68.9,970
68.95,970
69,970
69.05,970
69.1,970
69.15,970
69.2,970
69.25,970
69.3,970
69.35,970
69.4,970
69.45,970
69.5,970
69.55,970
69.6,970
69.65,970
69.7,970
69.75,970
69.8,970
69.85,970
69.9,970
69.95,970
70,970
70.05,970
70.1,970
70.15,970
70.2,970
70.25,970
70.3,970
70.35,970
70.4,970
70.45,970
70.5,970
70.55,970
70.6,970
70.65,970
70.7,970
70.75,970
70.8,970
70.85,970
70.9,970
70.95,970
71,970
71.05,970
71.1,970
71.15,970
71.2,970
71.25,970
71.3,970
71.35,970
71.4,970
71.45,970
71.5,970
71.55,970
71.6,970
71.65,970
71.7,970
71.75,970
71.8,970
71.85,970
71.9,970
71.95,970
72,970
72.05,970
72.1,970
72.15,970
72.2,970
72.25,970
72.3,970
72.35,970
72.4,970
72.45,970
72.5,970
72.55,970
72.6,970
72.65,970
72.7,970
72.75,970
72.8,970
72.85,970
72.9,970
72.95,970
73,970
73.05,970
73.1,970
73.15,970
73.2,970
73.25,970
73.3,970
73.35,970
73.4,970
73.45,970
73.5,970
73.55,970
73.6,970
73.65,970
73.7,970
73.75,970
73.8,970
73.85,970
73.9,970
73.95,970
74,970
74.05,970
74.1,970
74.15,970
74.2,970
74.25,970
74.3,970
74.35,970
74.4,970
74.45,970
74.5,970
74.55,970
74.6,970
74.65,970
74.7,970
74.75,970
74.8,970
74.85,970
74.9,970
74.95,970
75,970
75.05,970
75.1,970
75.15,970
75.2,970
75.25,970
75.3,970
75.35,970
75.4,970
75.45,970
75.5,970
75.55,970
75.6,970
75.65,970
75.7,970
75.75,970
75.8,970
75.85,970
75.9,970
75.95,970
76,970
76.05,970
76.1,970
76.15,970
76.2,970
76.25,970
76.3,970
76.35,970
76.4,970
76.45,970
76.5,970
76.55,970
76.6,970
76.65,970
76.7,970
76.75,970
76.8,970
76.85,970
76.9,970
76.95,970
77,970
77.05,970
77.1,970
77.15,970
77.2,970
77.25,970
77.3,970
77.35,970
77.4,970
77.45,970
77.5,970
77.55,970
77.6,970
77.65,970
77.7,970
77.75,970
77.8,970
77.85,970
77.9,970
77.95,970
78,970
78.05,970
78.1,970
78.15,970
78.2,970
78.25,970
78.3,970
78.35,970
78.4,970
78.45,970
78.5,970
78.55,970
78.6,970
78.65,970
78.7,970
78.75,970
78.8,970
78.85,970
78.9,970
78.95,970
79,970
79.05,970
79.1,970
79.15,970
79.2,970
79.25,970
79.3,970
79.35,970
79.4,970
79.45,970
79.5,970
79.55,970
79.6,970
79.65,970
79.7,970
79.75,970
79.8,970
79.85,970
79.9,970
79.95,970
80,970
80.05,970
80.1,970
80.15,970
80.2,970
80.25,970
80.3,970
80.35,970
80.4,970
80.45,970
80.5,970
80.55,970
80.6,970
80.65,970
80.7,970
80.75,970
80.8,970
80.85,970
80.9,970
80.95,970
81,970
81.05,970
81.1,970
81.15,970
81.2,970
81.25,970
81.3,970
81.35,970
81.4,970
81.45,970
81.5,970
81.55,970
81.6,970
81.65,970
81.7,970
81.75,970
81.8,970
81.85,970
81.9,970
81.95,970
82,970
82.05,970
82.1,970
82.15,970
82.2,970
82.25,970
82.3,970
82.35,970
82.4,970
82.45,970
82.5,970
82.55,970
82.6,970
82.65,970
82.7,970
82.75,970
82.8,970
82.85,970
82.9,970
82.95,970
83,970
83.05,970
83.1,970
83.15,970
83.2,970
83.25,970
83.3,970
83.35,970
83.4,970
83.45,970
83.5,970
83.55,970
83.6,970
83.65,970
83.7,970
83.75,970
83.8,970
83.85,970
83.9,970
83.95,970
84,970
84.05,970
84.1,970
84.15,970
84.2,970
84.25,970
84.3,970
84.35,970
84.4,970
84.45,970
84.5,970
84.55,970
84.6,970
84.65,970
84.7,970
84.75,970
84.8,970
84.85,970
84.9,970
84.95,970
85,970
85.05,970
85.1,970
85.15,970
85.2,970
85.25,970
85.3,970
85.35,970
85.4,970
85.45,970
85.5,970
85.55,970
85.6,970
85.65,970
85.7,970
85.75,970
85.8,970
85.85,970
85.9,970
85.95,970
86,970
86.05,970
86.1,970
86.15,970
86.2,970
86.25,970
86.3,970
86.35,970
86.4,970
86.45,970
86.5,970
86.55,970
86.6,970
86.65,970
86.7,970
86.75,970
86.8,970
86.85,970
86.9,970
86.95,970
87,970
87.05,970
87.1,970
87.15,970
87.2,970
87.25,970
87.3,970
87.35,970
87.4,970
87.45,970
87.5,970
87.55,970
87.6,970
87.65,970
87.7,970
87.75,970
87.8,970
87.85,970
87.9,970
87.95,970
88,970
88.05,970
88.1,970
88.15,970
88.2,970
88.25,970
88.3,970
88.35,970
88.4,970
88.45,970
88.5,970
88.55,970
88.6,970
88.65,970
88.7,970
88.75,970
88.8,970
88.85,970
88.9,970
88.95,970
89,970
89.05,970
89.1,970
89.15,970
89.2,970
89.25,970
89.3,970
89.35,970
89.4,970
89.45,970
89.5,970
89.55,970
89.6,970
89.65,970
89.7,970
89.75,970
89.8,970
89.85,970
89.9,970
89.95,970
90,970
90.05,970
90.1,970
90.15,970
90.2,970
90.25,970
90.3,970
90.35,970
90.4,970
90.45,970
90.5,970
90.55,970
90.6,970
90.65,970
90.7,970
90.75,970
90.8,970
90.85,970
90.9,970
90.95,970
91,970
91.05,970
91.1,970
91.15,970
91.2,970
91.25,970
91.3,970
91.35,970
91.4,970
91.45,970
91.5,970
91.55,970
91.6,970
91.65,970
91.7,970
91.75,970
91.8,970
91.85,970
91.9,970
91.95,970
92,970
92.05,970
92.1,970
92.15,970
92.2,970
92.25,970
92.3,970
92.35,970
92.4,970
92.45,970
92.5,970
92.55,970
92.6,970
92.65,970
92.7,970
92.75,970
92.8,970
92.85,970
92.9,970
92.95,970
93,970
93.05,970
93.1,970
93.15,970
93.2,970
93.25,970
93.3,970
93.35,970
93.4,970
93.45,970
93.5,970
93.55,970
93.6,970
93.65,970
93.7,970
93.75,970
93.8,970
93.85,970
93.9,970
93.95,970
94,970
94.05,970
94.1,970
94.15,970
94.2,970
94.25,970
94.3,970
94.35,970
94.4,970
94.45,970
94.5,970
94.55,970
94.6,970
94.65,970
94.7,970
94.75,970
94.8,970
94.85,970
94.9,970
94.95,970
95,970
95.05,970
95.1,970
95.15,970
95.2,970
95.25,970
95.3,970
95.35,970
95.4,970
95.45,970
95.5,970
95.55,970
95.6,970
95.65,970
95.7,970
95.75,970
95.8,970
95.85,970
95.9,970
95.95,970
96,970
96.05,970
96.1,970
96.15,970
96.2,970
96.25,970
96.3,970
96.35,970
96.4,970
96.45,970
96.5,970
96.55,970
96.6,970
96.65,970
96.7,970
96.75,970
96.8,970
96.85,970
96.9,970
96.95,970
97,970
97.05,970
97.1,970
97.15,970
97.2,970
97.25,970
97.3,970
97.35,970
97.4,970
97.45,970
97.5,970
97.55,970
97.6,970
97.65,970
97.7,970
97.75,970
97.8,970
97.85,970
97.9,970
97.95,970
98,970
98.05,970
98.1,970
98.15,970
98.2,970
98.25,970
98.3,970
98.35,970
98.4,970
98.45,970
98.5,970
98.55,970
98.6,970
98.65,970
98.7,970
98.75,970
98.8,970
98.85,970
98.9,970
98.95,970
99,970
99.05,970
99.1,970
99.15,970
99.2,970
99.25,970
99.3,970
99.35,970
99.4,970
99.45,970
99.5,970
99.55,970
99.6,970
99.65,970
99.7,970
99.75,970
99.8,970
99.85,970
99.9,970
99.95,970
100,970
100.05,970
100.1,970
100.15,970
100.2,970
100.25,970
100.3,970
100.35,970
100.4,970
100.45,970
100.5,970
100.55,970
100.6,970
100.65,970
100.7,970
100.75,970
100.8,970
100.85,970
100.9,970
100.95,970
101,970
101.05,970
101.1,970
101.15,970
101.2,970
101.25,970
101.3,970
101.35,970
101.4,970
101.45,970
101.5,970
101.55,970
101.6,970
101.65,970
101.7,970
101.75,970
101.8,970
101.85,970
101.9,970
101.95,970
102,970
102.05,970
102.1,970
102.15,970
102.2,970
102.25,970
102.3,970
102.35,970
102.4,970
102.45,970
102.5,970
102.55,970
102.6,970
102.65,970
102.7,970
102.75,970
102.8,970
102.85,970
102.9,970
102.95,970
103,970
103.05,970
103.1,970
103.15,970
103.2,970
103.25,970
103.3,970
103.35,970
103.4,970
103.45,970
103.5,970
103.55,970
103.6,970
103.65,970
103.7,970
103.75,970
103.8,970
103.85,970
103.9,970
103.95,970
104,970
104.05,970
104.1,970
104.15,970
104.2,970
104.25,970
104.3,970
104.35,970
104.4,970
104.45,970
104.5,970
104.55,970
104.6,970
104.65,970
104.7,970
104.75,970
104.8,970
104.85,970
104.9,970
104.95,970
105,970
105.05,970
105.1,970
105.15,970
105.2,970
105.25,970
105.3,970
105.35,970
105.4,970
105.45,970
105.5,970
105.55,970
105.6,970
105.65,970
105.7,970
105.75,970
105.8,970
105.85,970
105.9,970
105.95,970
106,970
106.05,970
106.1,970
106.15,970
106.2,970
106.25,970
106.3,970
106.35,970
106.4,970
106.45,970
106.5,970
106.55,970
106.6,970
106.65,970
106.7,970
106.75,970
106.8,970
106.85,970
106.9,970
106.95,970
107,970
107.05,970
107.1,970
107.15,970
107.2,970
107.25,970
107.3,970
107.35,970
107.4,970
107.45,970
107.5,970
107.55,970
107.6,970
107.65,970
107.7,970
107.75,970
107.8,970
107.85,970
107.9,970
107.95,970
108,970
108.05,970
108.1,970
108.15,970
108.2,970
108.25,970
108.3,970
108.35,970
108.4,970
108.45,970
108.5,970
108.55,970
108.6,970
108.65,970
108.7,970
108.75,970
108.8,970
108.85,970
108.9,970
108.95,970
109,970
109.05,970
109.1,970
109.15,970
109.2,970
109.25,970
109.3,970
109.35,970
109.4,970
109.45,970
109.5,970
109.55,970
109.6,970
109.65,970
109.7,970
109.75,970
109.8,970
109.85,970
109.9,970
109.95,970
110,970
110.05,970
110.1,970
110.15,970
110.2,970
110.25,970
110.3,970
110.35,970
110.4,970
110.45,970
110.5,970
110.55,970
110.6,970
110.65,970
110.7,970
110.75,970
110.8,970
110.85,970
110.9,970
110.95,970
111,970
111.05,970
111.1,970
111.15,970
111.2,970
111.25,970
111.3,970
111.35,970
111.4,970
111.45,970
111.5,970
111.55,970
111.6,970
111.65,970
111.7,970
111.75,970
111.8,970
111.85,970
111.9,970
111.95,970
112,970
112.05,970
112.1,970
112.15,970
112.2,970
112.25,970
112.3,970
112.35,970
112.4,970
112.45,970
112.5,970
112.55,970
112.6,970
112.65,970
112.7,970
112.75,970
112.8,970
112.85,970
112.9,970
112.95,970
113,970
113.05,970
113.1,970
113.15,970
113.2,970
113.25,970
113.3,970
113.35,970
113.4,970
113.45,970
113.5,970
113.55,970
113.6,970
113.65,970
113.7,970
113.75,970
113.8,970
113.85,970
113.9,970
113.95,970
114,970
114.05,970
114.1,970
114.15,970
114.2,970
114.25,970
114.3,970
114.35,970
114.4,970
114.45,970
114.5,970
114.55,970
114.6,970
114.65,970
114.7,970
114.75,970
114.8,970
114.85,970
114.9,970
114.95,970
115,970
115.05,970
115.1,970
115.15,970
115.2,970
115.25,970
115.3,970
115.35,970
115.4,970
115.45,970
115.5,970
115.55,970
115.6,970
115.65,970
115.7,970
115.75,970
115.8,970
115.85,970
115.9,970
115.95,970
116,970
116.05,970
116.1,970
116.15,970
116.2,970
116.25,970
116.3,970
116.35,970
116.4,970
116.45,970
116.5,970
116.55,970
116.6,970
116.65,970
116.7,970
116.75,970
116.8,970
116.85,970
116.9,970
116.95,970
117,970
117.05,970
117.1,970
117.15,970
117.2,970
117.25,970
117.3,970
117.35,970
117.4,970
117.45,970
117.5,970
117.55,970
117.6,970
117.65,970
117.7,970
117.75,970
117.8,970
117.85,970
117.9,970
117.95,970
118,970
118.05,970
118.1,970
118.15,970
118.2,970
118.25,970
118.3,970
118.35,970
118.4,970
118.45,970
118.5,970
118.55,970
118.6,970
118.65,970
118.7,970
118.75,970
118.8,970
118.85,970
118.9,970
118.95,970
119,970
119.05,970
119.1,970
119.15,970
119.2,970
119.25,970
119.3,970
119.35,970
119.4,970
119.45,970
119.5,970
119.55,970
119.6,970
119.65,970
119.7,970
119.75,970
119.8,970
119.85,970
119.9,970
119.95,970
120,970
120.05,970
120.1,970
120.15,970
120.2,970
120.25,970
120.3,970
120.35,970
120.4,970
120.45,970
120.5,970
120.55,970
120.6,970
120.65,970
120.7,970
120.75,970
120.8,970
120.85,970
120.9,970
120.95,970
121,970
121.05,970
121.1,970
121.15,970
121.2,970
121.25,970
121.3,970
121.35,970
121.4,970
121.45,970
121.5,970
121.55,970
121.6,970
121.65,970
121.7,970
121.75,970
121.8,970
121.85,970
121.9,970
121.95,970
122,970
122.05,970
122.1,970
122.15,970
122.2,970
122.25,970
122.3,970
122.35,970
122.4,970
122.45,970
122.5,970
122.55,970
122.6,970
122.65,970
122.7,970
122.75,970
122.8,970
122.85,970
122.9,970
122.95,970
123,970
123.05,970
123.1,970
123.15,970
123.2,970
123.25,970
123.3,970
123.35,970
123.4,970
123.45,970
123.5,970
123.55,970
123.6,970
123.65,970
123.7,970
123.75,970
123.8,970
123.85,970
123.9,970
123.95,970
124,970
124.05,970
124.1,970
124.15,970
124.2,970
124.25,970
124.3,970
124.35,970
124.4,970
124.45,970
124.5,970
124.55,970
124.6,970
124.65,970
124.7,970
124.75,970
124.8,970
124.85,970
124.9,970
124.95,970
125,970
125.05,970
125.1,970
125.15,970
125.2,970
125.25,970
125.3,970
125.35,970
125.4,970
125.45,970
125.5,970
125.55,970
125.6,970
125.65,970
125.7,970
125.75,970
125.8,970
125.85,970
125.9,970
125.95,970
126,970
126.05,970
126.1,970
126.15,970
126.2,970
126.25,970
126.3,970
126.35,970
126.4,970
126.45,970
126.5,970
126.55,970
126.6,970
126.65,970
126.7,970
126.75,970
126.8,970
126.85,970
126.9,970
126.95,970
127,970
127.05,970
127.1,970
127.15,970
127.2,970
127.25,970
127.3,970
127.35,970
127.4,970
127.45,970
127.5,970
127.55,970
127.6,970
127.65,970
127.7,970
127.75,970
127.8,970
127.85,970
127.9,970
127.95,970
128,970
128.05,970
128.1,970
128.15,970
128.2,970
128.25,970
128.3,970
128.35,970
128.4,970
128.45,970
128.5,970
128.55,970
128.6,970
128.65,970
128.7,970
128.75,970
128.8,970
128.85,970
128.9,970
128.95,970
129,970
129.05,970
129.1,970
129.15,970
129.2,970
129.25,970
129.3,970
129.35,970
129.4,970
129.45,970
129.5,970
129.55,970
129.6,970
129.65,970
129.7,970
129.75,970
129.8,970
129.85,970
129.9,970
129.95,970
130,970
130.05,970
130.1,970
130.15,970
130.2,970
130.25,970
130.3,970
130.35,970
130.4,970
130.45,970
130.5,970
130.55,970
130.6,970
130.65,970
130.7,970
130.75,970
130.8,970
130.85,970
130.9,970
130.95,970
131,970
131.05,970
131.1,970
131.15,970
131.2,970
131.25,970
131.3,970
131.35,970
131.4,970
131.45,970
131.5,970
131.55,970
131.6,970
131.65,970
131.7,970
131.75,970
131.8,970
131.85,970
131.9,970
131.95,970
132,970
132.05,970
132.1,970
132.15,970
132.2,970
132.25,970
132.3,970
132.35,970
132.4,970
132.45,970
132.5,970
132.55,970
132.6,970
132.65,970
132.7,970
132.75,970
132.8,970
132.85,970
132.9,970
132.95,970
133,970
133.05,970
133.1,970
133.15,970
133.2,970
133.25,970
133.3,970
133.35,970
133.4,970
133.45,970
133.5,970
133.55,970
133.6,970
133.65,970
133.7,970
133.75,970
133.8,970
133.85,970
133.9,970
133.95,970
134,970
134.05,970
134.1,970
134.15,970
134.2,970
134.25,970
134.3,970
134.35,970
134.4,970
134.45,970
134.5,970
134.55,970
134.6,970
134.65,970
134.7,970
134.75,970
134.8,970
134.85,970
134.9,970
134.95,970
135,970
135.05,970
135.1,970
135.15,970
135.2,970
135.25,970
135.3,970
135.35,970
135.4,970
135.45,970
135.5,970
135.55,970
135.6,970
135.65,970
135.7,970
135.75,970
135.8,970
135.85,970
135.9,970
135.95,970
136,970
136.05,970
136.1,970
136.15,970
136.2,970
136.25,970
136.3,970
136.35,970
136.4,970
136.45,970
136.5,970
136.55,970
136.6,970
136.65,970
136.7,970
136.75,970
136.8,970
136.85,970
136.9,970
136.95,970
137,970
137.05,970
137.1,970
137.15,970
137.2,970
137.25,970
137.3,970
137.35,970
137.4,970
137.45,970
137.5,970
137.55,970
137.6,970
137.65,970
137.7,970
137.75,970
137.8,970
137.85,970
137.9,970
137.95,970
138,970
138.05,970
138.1,970
138.15,970
138.2,970
138.25,970
138.3,970
138.35,970
138.4,970
138.45,970
138.5,970
138.55,970
138.6,970
138.65,970
138.7,970
138.75,970
138.8,970
138.85,970
138.9,970
138.95,970
139,970
139.05,970
139.1,970
139.15,970
139.2,970
139.25,970
139.3,970
139.35,970
139.4,970
139.45,970
139.5,970
139.55,970
139.6,970
139.65,970
139.7,970
139.75,970
139.8,970
139.85,970
139.9,970
139.95,970
140,970
140.05,970
140.1,970
140.15,970
140.2,970
140.25,970
140.3,970
140.35,970
140.4,970
140.45,970
140.5,970
140.55,970
140.6,970
140.65,970
140.7,970
140.75,970
140.8,970
140.85,970
140.9,970
140.95,970
141,970
141.05,970
141.1,970
141.15,970
141.2,970
141.25,970
141.3,970
141.35,970
141.4,970
141.45,970
141.5,970
141.55,970
141.6,970
141.65,970
141.7,970
141.75,970
141.8,970
141.85,970
141.9,970
141.95,970
142,970
142.05,970
142.1,970
142.15,970
142.2,970
142.25,970
142.3,970
142.35,970
142.4,970
142.45,970
142.5,970
142.55,970
142.6,970
142.65,970
142.7,970
142.75,970
142.8,970
142.85,970
142.9,970
142.95,970
143,970
143.05,970
143.1,970
143.15,970
143.2,970
143.25,970
143.3,970
143.35,970
143.4,970
143.45,970
143.5,970
143.55,970
143.6,970
143.65,970
143.7,970
143.75,970
143.8,970
143.85,970
143.9,970
143.95,970
144,970
144.05,970
144.1,970
144.15,970
144.2,970
144.25,970
144.3,970
144.35,970
144.4,970
144.45,970
144.5,970
144.55,970
144.6,970
144.65,970
144.7,970
144.75,970
144.8,970
144.85,970
144.9,970
144.95,970
145,970
145.05,970
145.1,970
145.15,970
145.2,970
145.25,970
145.3,970
145.35,970
145.4,970
145.45,970
145.5,970
145.55,970
145.6,970
145.65,970
145.7,970
145.75,970
145.8,970
145.85,970
145.9,970
145.95,970
146,970
146.05,970
146.1,970
146.15,970
146.2,970
146.25,970
146.3,970
146.35,970
146.4,970
146.45,970
146.5,970
146.55,970
146.6,970
146.65,970
146.7,970
146.75,970
146.8,970
146.85,970
146.9,970
146.95,970
147,970
147.05,970
147.1,970
147.15,970
147.2,970
147.25,970
147.3,970
147.35,970
147.4,970
147.45,970
147.5,970
147.55,970
147.6,970
147.65,970
147.7,970
147.75,970
147.8,970
147.85,970
147.9,970
147.95,970
148,970
148.05,970
148.1,970
148.15,970
148.2,970
148.25,970
148.3,970
148.35,970
148.4,970
148.45,970
148.5,970
148.55,970
148.6,970
148.65,970
148.7,970
148.75,970
148.8,970
148.85,970
148.9,970
148.95,970
149,970
149.05,970
149.1,970
149.15,970
149.2,970
149.25,970
149.3,970
149.35,970
149.4,970
149.45,970
149.5,970
149.55,970
149.6,970
149.65,970
149.7,970
149.75,970
149.8,970
149.85,970
149.9,970
149.95,970
150,970
150.05,970
150.1,970
150.15,970
150.2,970
150.25,970
150.3,970
150.35,970
150.4,970
150.45,970
150.5,970
150.55,970
150.6,970
150.65,970
150.7,970
150.75,970
150.8,970
150.85,970
150.9,970
150.95,970
151,970
151.05,970
151.1,970
151.15,970
151.2,970
151.25,970
151.3,970
151.35,970
151.4,970
151.45,970
151.5,970
151.55,970
151.6,970
151.65,970
151.7,970
151.75,970
151.8,970
151.85,970
151.9,970
151.95,970
152,970
152.05,970
152.1,970
152.15,970
152.2,970
152.25,970
152.3,970
152.35,970
152.4,970
152.45,970
152.5,970
152.55,970
152.6,970
152.65,970
152.7,970
152.75,970
152.8,970
152.85,970
152.9,970
152.95,970
153,970
153.05,970
153.1,970
153.15,970
153.2,970
153.25,970
153.3,970
153.35,970
153.4,970
153.45,970
153.5,970
153.55,970
153.6,970
153.65,970
153.7,970
153.75,970
153.8,970
153.85,970
153.9,970
153.95,970
154,970
154.05,970
154.1,970
154.15,970
154.2,970
154.25,970
154.3,970
154.35,970
154.4,970
154.45,970
154.5,970
154.55,970
154.6,970
154.65,970
154.7,970
154.75,970
154.8,970
154.85,970
154.9,970
154.95,970
155,970
155.05,970
155.1,970
155.15,970
155.2,970
155.25,970
155.3,970
155.35,970
155.4,970
155.45,970
155.5,970
155.55,970
155.6,970
155.65,970
155.7,970
155.75,970
155.8,970
155.85,970
155.9,970
155.95,970
156,970
156.05,970
156.1,970
156.15,970
156.2,970
156.25,970
156.3,970
156.35,970
156.4,970
156.45,970
156.5,970
156.55,970
156.6,970
156.65,970
156.7,970
156.75,970
156.8,970
156.85,970
156.9,970
156.95,970
157,970
157.05,970
157.1,970
157.15,970
157.2,970
157.25,970
157.3,970
157.35,970
157.4,970
157.45,970
157.5,970
157.55,970
157.6,970
157.65,970
157.7,970
157.75,970
157.8,970
157.85,970
157.9,970
157.95,970
158,970
158.05,970
158.1,970
158.15,970
158.2,970
158.25,970
158.3,970
158.35,970
158.4,970
158.45,970
158.5,970
158.55,970
158.6,970
158.65,970
158.7,970
158.75,970
158.8,970
158.85,970
158.9,970
158.95,970
159,970
159.05,970
159.1,970
159.15,970
159.2,970
159.25,970
159.3,970
159.35,970
159.4,970
159.45,970
159.5,970
159.55,970
159.6,970
159.65,970
159.7,970
159.75,970
159.8,970
159.85,970
159.9,970
159.95,970
160,970
160.05,970
160.1,970
160.15,970
160.2,970
160.25,970
160.3,970
160.35,970
160.4,970
160.45,970
160.5,970
160.55,970
160.6,970
160.65,970
160.7,970
160.75,970
160.8,970
160.85,970
160.9,970
160.95,970
161,970
161.05,970
161.1,970
161.15,970
161.2,970
161.25,970
161.3,970
161.35,970
161.4,970
161.45,970
161.5,970
161.55,970
161.6,970
161.65,970
161.7,970
161.75,970
161.8,970
161.85,970
161.9,970
161.95,970
162,970
162.05,970
162.1,970
162.15,970
162.2,970
162.25,970
162.3,970
162.35,970
162.4,970
162.45,970
162.5,970
162.55,970
162.6,970
162.65,970
162.7,970
162.75,970
162.8,970
162.85,970
162.9,970
162.95,970
163,970
163.05,970
163.1,970
163.15,970
163.2,970
163.25,970
163.3,970
163.35,970
163.4,970
163.45,970
163.5,970
163.55,970
163.6,970
163.65,970
163.7,970
163.75,970
163.8,970
163.85,970
163.9,970
163.95,970
164,970
164.05,970
164.1,970
164.15,970
164.2,970
164.25,970
164.3,970
164.35,970
164.4,970
164.45,970
164.5,970
164.55,970
164.6,970
164.65,970
164.7,970
164.75,970
164.8,970
164.85,970
164.9,970
164.95,970
165,970
165.05,970
165.1,970
165.15,970
165.2,970
165.25,970
165.3,970
165.35,970
165.4,970
165.45,970
165.5,970
165.55,970
165.6,970
165.65,970
165.7,970
165.75,970
165.8,970
165.85,970
165.9,970
165.95,970
166,970
166.05,970
166.1,970
166.15,970
166.2,970
166.25,970
166.3,970
166.35,970
166.4,970
166.45,970
166.5,970
166.55,970
166.6,970
166.65,970
166.7,970
166.75,970
166.8,970
166.85,970
166.9,970
166.95,970
167,970
167.05,970
167.1,970
167.15,970
167.2,970
167.25,970
167.3,970
167.35,970
167.4,970
167.45,970
167.5,970
167.55,970
167.6,970
167.65,970
167.7,970
167.75,970
167.8,970
167.85,970
167.9,970
167.95,970
168,970
168.05,970
168.1,970
168.15,970
168.2,970
168.25,970
168.3,970
168.35,970
168.4,970
168.45,970
168.5,970
168.55,970
168.6,970
168.65,970
168.7,970
168.75,970
168.8,970
168.85,970
168.9,970
168.95,970
169,970
169.05,970
169.1,970
169.15,970
169.2,970
169.25,970
169.3,970
169.35,970
169.4,970
169.45,970
169.5,970
169.55,970
169.6,970
169.65,970
169.7,970
169.75,970
169.8,970
169.85,970
169.9,970
169.95,970
170,970
170.05,970
170.1,970
170.15,970
170.2,970
170.25,970
170.3,970
170.35,970
170.4,970
170.45,970
170.5,970
170.55,970
170.6,970
170.65,970
170.7,970
170.75,970
170.8,970
170.85,970
170.9,970
170.95,970
171,970
171.05,970
171.1,970
171.15,970
171.2,970
171.25,970
171.3,970
171.35,970
171.4,970
171.45,970
171.5,970
171.55,970
171.6,970
171.65,970
171.7,970
171.75,970
171.8,970
171.85,970
171.9,970
171.95,970
172,970
172.05,970
172.1,970
172.15,970
172.2,970
172.25,970
172.3,970
172.35,970
172.4,970
172.45,970
172.5,970
172.55,970
172.6,970
172.65,970
172.7,970
172.75,970
172.8,970
172.85,970
172.9,970
172.95,970
173,970
173.05,970
173.1,970
173.15,970
173.2,970
173.25,970
173.3,970
173.35,970
173.4,970
173.45,970
173.5,970
173.55,970
173.6,970
173.65,970
173.7,970
173.75,970
173.8,970
173.85,970
173.9,970
173.95,970
174,970
174.05,970
174.1,970
174.15,970
174.2,970
174.25,970
174.3,970
174.35,970
174.4,970
174.45,970
174.5,970
174.55,970
174.6,970
174.65,970
174.7,970
174.75,970
174.8,970
174.85,970
174.9,970
174.95,970
175,970
175.05,970
175.1,970
175.15,970
175.2,970
175.25,970
175.3,970
175.35,970
175.4,970
175.45,970
175.5,970
175.55,970
175.6,970
175.65,970
175.7,970
175.75,970
175.8,970
175.85,970
175.9,970
175.95,970
176,970
176.05,970
176.1,970
176.15,970
176.2,970
176.25,970
176.3,970
176.35,970
176.4,970
176.45,970
176.5,970
176.55,970
176.6,970
176.65,970
176.7,970
176.75,970
176.8,970
176.85,970
176.9,970
176.95,970
177,970
177.05,970
177.1,970
177.15,970
177.2,970
177.25,970
177.3,970
177.35,970
177.4,970
177.45,970
177.5,970
177.55,970
177.6,970
177.65,970
177.7,970
177.75,970
177.8,970
177.85,970
177.9,970
177.95,970
178,970
178.05,970
178.1,970
178.15,970
178.2,970
178.25,970
178.3,970
178.35,970
178.4,970
178.45,970
178.5,970
178.55,970
178.6,970
178.65,970
178.7,970
178.75,970
178.8,970
178.85,970
178.9,970
178.95,970
179,970
179.05,970
179.1,970
179.15,970
179.2,970
179.25,970
179.3,970
179.35,970
179.4,970
179.45,970
179.5,970
179.55,970
179.6,970
179.65,970
179.7,970
179.75,970
179.8,970
179.85,970
179.9,970
179.95,970
180,970
180.05,970
180.1,970
180.15,970
180.2,970
180.25,970
180.3,970
180.35,970
180.4,970
180.45,970
180.5,970
180.55,970
180.6,970
180.65,970
180.7,970
180.75,970
180.8,970
180.85,970
180.9,970
180.95,970
181,970
181.05,970
181.1,970
181.15,970
181.2,970
181.25,970
181.3,970
181.35,970
181.4,970
181.45,970
181.5,970
181.55,970
181.6,970
181.65,970
181.7,970
181.75,970
181.8,970
181.85,970
181.9,970
181.95,970
182,970
182.05,970
182.1,970
182.15,970
182.2,970
182.25,970
182.3,970
182.35,970
182.4,970
182.45,970
182.5,970
182.55,970
182.6,970
182.65,970
182.7,970
182.75,970
182.8,970
182.85,970
182.9,970
182.95,970
183,970
183.05,970
183.1,970
183.15,970
183.2,970
183.25,970
183.3,970
183.35,970
183.4,970
183.45,970
183.5,970
183.55,970
183.6,970
183.65,970
183.7,970
183.75,970
183.8,970
183.85,970
183.9,970
183.95,970
184,970
184.05,970
184.1,970
184.15,970
184.2,970
184.25,970
184.3,970
184.35,970
184.4,970
184.45,970
184.5,970
184.55,970
184.6,970
184.65,970
184.7,970
184.75,970
184.8,970
184.85,970
184.9,970
184.95,970
185,970
185.05,970
185.1,970
185.15,970
185.2,970
185.25,970
185.3,970
185.35,970
185.4,970
185.45,970
185.5,970
185.55,970
185.6,970
185.65,970
185.7,970
185.75,970
185.8,970
185.85,970
185.9,970
185.95,970
186,970
186.05,970
186.1,970
186.15,970
186.2,970
186.25,970
186.3,970
186.35,970
186.4,970
186.45,970
186.5,970
186.55,970
186.6,970
186.65,970
186.7,970
186.75,970
186.8,970
186.85,970
186.9,970
186.95,970
187,970
187.05,970
187.1,970
187.15,970
187.2,970
187.25,970
187.3,970
187.35,970
187.4,970
187.45,970
187.5,970
187.55,970
187.6,970
187.65,970
187.7,970
187.75,970
187.8,970
187.85,970
187.9,970
187.95,970
188,970
188.05,970
188.1,970
188.15,970
188.2,970
188.25,970
188.3,970
188.35,970
188.4,970
188.45,970
188.5,970
188.55,970
188.6,970
188.65,970
188.7,970
188.75,970
188.8,970
188.85,970
188.9,970
188.95,970
189,970
189.05,970
189.1,970
189.15,970
189.2,970
189.25,970
189.3,970
189.35,970
189.4,970
189.45,970
189.5,970
189.55,970
189.6,970
189.65,970
189.7,970
189.75,970
189.8,970
189.85,970
189.9,970
189.95,970
190,970
190.05,970
190.1,970
190.15,970
190.2,970
190.25,970
190.3,970
190.35,970
190.4,970
190.45,970
190.5,970
190.55,970
190.6,970
190.65,970
190.7,970
190.75,970
190.8,970
190.85,970
190.9,970
190.95,970
191,970
191.05,970
191.1,970
191.15,970
191.2,970
191.25,970
191.3,970
191.35,970
191.4,970
191.45,970
191.5,970
191.55,970
191.6,970
191.65,970
191.7,970
191.75,970
191.8,970
191.85,970
191.9,970
191.95,970
192,970
192.05,970
192.1,970
192.15,970
192.2,970
192.25,970
192.3,970
192.35,970
192.4,970
192.45,970
192.5,970
192.55,970
192.6,970
192.65,970
192.7,970
192.75,970
192.8,970
192.85,970
192.9,970
192.95,970
193,970
193.05,970
193.1,970
193.15,970
193.2,970
193.25,970
193.3,970
193.35,970
193.4,970
193.45,970
193.5,970
193.55,970
193.6,970
193.65,970
193.7,970
193.75,970
193.8,970
193.85,970
193.9,970
193.95,970
194,970
194.05,970
194.1,970
194.15,970
194.2,970
194.25,970
194.3,970
194.35,970
194.4,970
194.45,970
194.5,970
194.55,970
194.6,970
194.65,970
194.7,970
194.75,970
194.8,970
194.85,970
194.9,970
194.95,970
195,970
195.05,970
195.1,970
195.15,970
195.2,970
195.25,970
195.3,970
195.35,970
195.4,970
195.45,970
195.5,970
195.55,970
195.6,970
195.65,970
195.7,970
195.75,970
195.8,970
195.85,970
195.9,970
195.95,970
196,970
196.05,970
196.1,970
196.15,970
196.2,970
196.25,970
196.3,970
196.35,970
196.4,970
196.45,970
196.5,970
196.55,970
196.6,970
196.65,970
196.7,970
196.75,970
196.8,970
196.85,970
196.9,970
196.95,970
197,970
197.05,970
197.1,970
197.15,970
197.2,970
197.25,970
197.3,970
197.35,970
197.4,970
197.45,970
197.5,970
197.55,970
197.6,970
197.65,970
197.7,970
197.75,970
197.8,970
197.85,970
197.9,970
197.95,970
198,970
198.05,970
198.1,970
198.15,970
198.2,970
198.25,970
198.3,970
198.35,970
198.4,970
198.45,970
198.5,970
198.55,970
198.6,970
198.65,970
198.7,970
198.75,970
198.8,970
198.85,970
198.9,970
198.95,970
199,970
199.05,970
199.1,970
199.15,970
199.2,970
199.25,970
199.3,970
199.35,970
199.4,970
199.45,970
199.5,970
199.55,970
199.6,970
199.65,970
199.7,970
199.75,970
199.8,970
199.85,970
199.9,970
199.95,970
200,970
200.05,970
200.1,970
200.15,970
200.2,970
200.25,970
200.3,970
200.35,970
200.4,970
200.45,970
200.5,970
200.55,970
200.6,970
200.65,970
200.7,970
200.75,970
200.8,970
200.85,970
200.9,970
200.95,970
201,970
201.05,970
201.1,970
201.15,970
201.2,970
201.25,970
201.3,970
201.35,970
201.4,970
201.45,970
201.5,970
201.55,970
201.6,970
201.65,970
201.7,970
201.75,970
201.8,970
201.85,970
201.9,970
201.95,970
202,970
202.05,970
202.1,970
202.15,970
202.2,970
202.25,970
202.3,970
202.35,970
202.4,970
202.45,970
202.5,970
202.55,970
202.6,970
202.65,970
202.7,970
202.75,970
202.8,970
202.85,970
202.9,970
202.95,970
203,970
203.05,970
203.1,970
203.15,970
203.2,970
203.25,970
203.3,970
203.35,970
203.4,970
203.45,970
203.5,970
203.55,970
203.6,970
203.65,970
203.7,970
203.75,970
203.8,970
203.85,970
203.9,970
203.95,970
204,970
204.05,970
204.1,970
204.15,970
204.2,970
204.25,970
204.3,970
204.35,970
204.4,970
204.45,970
204.5,970
204.55,970
204.6,970
204.65,970
204.7,970
204.75,970
204.8,970
204.85,970
204.9,970
204.95,970
205,970
205.05,970
205.1,970
205.15,970
205.2,970
205.25,970
205.3,970
205.35,970
205.4,970
205.45,970
205.5,970
205.55,970
205.6,970
205.65,970
205.7,970
205.75,970
205.8,970
205.85,970
205.9,970
205.95,970
206,970
206.05,970
206.1,970
206.15,970
206.2,970
206.25,970
206.3,970
206.35,970
206.4,970
206.45,970
206.5,970
206.55,970
206.6,970
206.65,970
206.7,970
206.75,970
206.8,970
206.85,970
206.9,970
206.95,970
207,970
207.05,970
207.1,970
207.15,970
207.2,970
207.25,970
207.3,970
207.35,970
207.4,970
207.45,970
207.5,970
207.55,970
207.6,970
207.65,970
207.7,970
207.75,970
207.8,970
207.85,970
207.9,970
207.95,970
208,970
208.05,970
208.1,970
208.15,970
208.2,970
208.25,970
208.3,970
208.35,970
208.4,970
208.45,970
208.5,970
208.55,970
208.6,970
208.65,970
208.7,970
208.75,970
208.8,970
208.85,970
208.9,970
208.95,970
209,970
209.05,970
209.1,970
209.15,970
209.2,970
209.25,970
209.3,970
209.35,970
209.4,970
209.45,970
209.5,970
209.55,970
209.6,970
209.65,970
209.7,970
209.75,970
209.8,970
209.85,970
209.9,970
209.95,970
210,970
210.05,970
210.1,970
210.15,970
210.2,970
210.25,970
210.3,970
210.35,970
210.4,970
210.45,970
210.5,970
210.55,970
210.6,970
210.65,970
210.7,970
210.75,970
210.8,970
210.85,970
210.9,970
210.95,970
211,970
211.05,970
211.1,970
211.15,970
211.2,970
211.25,970
211.3,970
211.35,970
211.4,970
211.45,970
211.5,970
211.55,970
211.6,970
211.65,970
211.7,970
211.75,970
211.8,970
211.85,970
211.9,970
211.95,970
212,970
212.05,970
212.1,970
212.15,970
212.2,970
212.25,970
212.3,970
212.35,970
212.4,970
212.45,970
212.5,970
212.55,970
212.6,970
212.65,970
212.7,970
212.75,970
212.8,970
212.85,970
212.9,970
212.95,970
213,970
213.05,970
213.1,970
213.15,970
213.2,970
213.25,970
213.3,970
213.35,970
213.4,970
213.45,970
213.5,970
213.55,970
213.6,970
213.65,970
213.7,970
213.75,970
213.8,970
213.85,970
213.9,970
213.95,970
214,970
214.05,970
214.1,970
214.15,970
214.2,970
214.25,970
214.3,970
214.35,970
214.4,970
214.45,970
214.5,970
214.55,970
214.6,970
214.65,970
214.7,970
214.75,970
214.8,970
214.85,970
214.9,970
214.95,970
215,970
215.05,970
215.1,970
215.15,970
215.2,970
215.25,970
215.3,970
215.35,970
215.4,970
215.45,970
215.5,970
215.55,970
215.6,970
215.65,970
215.7,970
215.75,970
215.8,970
215.85,970
215.9,970
215.95,970
216,970
216.05,970
216.1,970
216.15,970
216.2,970
216.25,970
216.3,970
216.35,970
216.4,970
216.45,970
216.5,970
216.55,970
216.6,970
216.65,970
216.7,970
216.75,970
216.8,970
216.85,970
216.9,970
216.95,970
217,970
217.05,970
217.1,970
217.15,970
217.2,970
217.25,970
217.3,970
217.35,970
217.4,970
217.45,970
217.5,970
217.55,970
217.6,970
217.65,970
217.7,970
217.75,970
217.8,970
217.85,970
217.9,970
217.95,970
218,970
218.05,970
218.1,970
218.15,970
218.2,970
218.25,970
218.3,970
218.35,970
218.4,970
218.45,970
218.5,970
218.55,970
218.6,970
218.65,970
218.7,970
218.75,970
218.8,970
218.85,970
218.9,970
218.95,970
219,970
219.05,970
219.1,970
219.15,970
219.2,970
219.25,970
219.3,970
219.35,970
219.4,970
219.45,970
219.5,970
219.55,970
219.6,970
219.65,970
219.7,970
219.75,970
219.8,970
219.85,970
219.9,970
219.95,970
220,970
220.05,970
220.1,970
220.15,970
220.2,970
220.25,970
220.3,970
220.35,970
220.4,970
220.45,970
220.5,970
220.55,970
220.6,970
220.65,970
220.7,970
220.75,970
220.8,970
220.85,970
220.9,970
220.95,970
221,970
221.05,970
221.1,970
221.15,970
221.2,970
221.25,970
221.3,970
221.35,970
221.4,970
221.45,970
221.5,970
221.55,970
221.6,970
221.65,970
221.7,970
221.75,970
221.8,970
221.85,970
221.9,970
221.95,970
222,970
222.05,970
222.1,970
222.15,970
222.2,970
222.25,970
222.3,970
222.35,970
222.4,970
222.45,970
222.5,970
222.55,970
222.6,970
222.65,970
222.7,970
222.75,970
222.8,970
222.85,970
222.9,970
222.95,970
223,970
223.05,970
223.1,970
223.15,970
223.2,970
223.25,970
223.3,970
223.35,970
223.4,970
223.45,970
223.5,970
223.55,970
223.6,970
223.65,970
223.7,970
223.75,970
223.8,970
223.85,970
223.9,970
223.95,970
224,970
224.05,970
224.1,970
224.15,970
224.2,970
224.25,970
224.3,970
224.35,970
224.4,970
224.45,970
224.5,970
224.55,970
224.6,970
224.65,970
224.7,970
224.75,970
224.8,970
224.85,970
224.9,970
224.95,970
225,970
225.05,970
225.1,970
225.15,970
225.2,970
225.25,970
225.3,970
225.35,970
225.4,970
225.45,970
225.5,970
225.55,970
225.6,970
225.65,970
225.7,970
225.75,970
225.8,970
225.85,970
225.9,970
225.95,970
226,970
226.05,970
226.1,970
226.15,970
226.2,970
226.25,970
226.3,970
226.35,970
226.4,970
226.45,970
226.5,970
226.55,970
226.6,970
226.65,970
226.7,970
226.75,970
226.8,970
226.85,970
226.9,970
226.95,970
227,970
227.05,970
227.1,970
227.15,970
227.2,970
227.25,970
227.3,970
227.35,970
227.4,970
227.45,970
227.5,970
227.55,970
227.6,970
227.65,970
227.7,970
227.75,970
227.8,970
227.85,970
227.9,970
227.95,970
228,970
228.05,970
228.1,970
228.15,970
228.2,970
228.25,970
228.3,970
228.35,970
228.4,970
228.45,970
228.5,970
228.55,970
228.6,970
228.65,970
228.7,970
228.75,970
228.8,970
228.85,970
228.9,970
228.95,970
229,970
229.05,970
229.1,970
229.15,970
229.2,970
229.25,970
229.3,970
229.35,970
229.4,970
229.45,970
229.5,970
229.55,970
229.6,970
229.65,970
229.7,970
229.75,970
229.8,970
229.85,970
229.9,970
229.95,970
230,970
230.05,970
230.1,970
230.15,970
230.2,970
230.25,970
230.3,970
230.35,970
230.4,970
230.45,970
230.5,970
230.55,970
230.6,970
230.65,970
230.7,970
230.75,970
230.8,970
230.85,970
230.9,970
230.95,970
231,970
231.05,970
231.1,970
231.15,970
231.2,970
231.25,970
231.3,970
231.35,970
231.4,970
231.45,970
231.5,970
231.55,970
231.6,970
231.65,970
231.7,970
231.75,970
231.8,970
231.85,970
231.9,970
231.95,970
232,970
232.05,970
232.1,970
232.15,970
232.2,970
232.25,970
232.3,970
232.35,970
232.4,970
232.45,970
232.5,970
232.55,970
232.6,970
232.65,970
232.7,970
232.75,970
232.8,970
232.85,970
232.9,970
232.95,970
233,970
233.05,970
233.1,970
233.15,970
233.2,970
233.25,970
233.3,970
233.35,970
233.4,970
233.45,970
233.5,970
233.55,970
233.6,970
233.65,970
233.7,970
233.75,970
233.8,970
233.85,970
233.9,970
233.95,970
234,970
234.05,970
234.1,970
234.15,970
234.2,970
234.25,970
234.3,970
234.35,970
234.4,970
234.45,970
234.5,970
234.55,970
234.6,970
234.65,970
234.7,970
234.75,970
234.8,970
234.85,970
234.9,970
234.95,970
235,970
235.05,970
235.1,970
235.15,970
235.2,970
235.25,970
235.3,970
235.35,970
235.4,970
235.45,970
235.5,970
235.55,970
235.6,970
235.65,970
235.7,970
235.75,970
235.8,970
235.85,970
235.9,970
235.95,970
236,970
236.05,970
236.1,970
236.15,970
236.2,970
236.25,970
236.3,970
236.35,970
236.4,970
236.45,970
236.5,970
236.55,970
236.6,970
236.65,970
236.7,970
236.75,970
236.8,970
236.85,970
236.9,970
236.95,970
237,970
237.05,970
237.1,970
237.15,970
237.2,970
237.25,970
237.3,970
237.35,970
237.4,970
237.45,970
237.5,970
237.55,970
237.6,970
237.65,970
237.7,970
237.75,970
237.8,970
237.85,970
237.9,970
237.95,970
238,970
238.05,970
238.1,970
238.15,970
238.2,970
238.25,970
238.3,970
238.35,970
238.4,970
238.45,970
238.5,970
238.55,970
238.6,970
238.65,970
238.7,970
238.75,970
238.8,970
238.85,970
238.9,970
238.95,970
239,970
239.05,970
239.1,970
239.15,970
239.2,970
239.25,970
239.3,970
239.35,970
239.4,970
239.45,970
239.5,970
239.55,970
239.6,970
239.65,970
239.7,970
239.75,970
239.8,970
239.85,970
239.9,970
239.95,970
240,970
240.05,970
240.1,970
240.15,970
240.2,970
240.25,970
240.3,970
240.35,970
240.4,970
240.45,970
240.5,970
240.55,970
240.6,970
240.65,970
240.7,970
240.75,970
240.8,970
240.85,970
240.9,970
240.95,970
241,970
241.05,970
241.1,970
241.15,970
241.2,970
241.25,970
241.3,970
241.35,970
241.4,970
241.45,970
241.5,970
241.55,970
241.6,970
241.65,970
241.7,970
241.75,970
241.8,970
241.85,970
241.9,970
241.95,970
242,970
242.05,970
242.1,970
242.15,970
242.2,970
242.25,970
242.3,970
242.35,970
242.4,970
242.45,970
242.5,970
242.55,970
242.6,970
242.65,970
242.7,970
242.75,970
242.8,970
242.85,970
242.9,970
242.95,970
243,970
243.05,970
243.1,970
243.15,970
243.2,970
243.25,970
243.3,970
243.35,970
243.4,970
243.45,970
243.5,970
243.55,970
243.6,970
243.65,970
243.7,970
243.75,970
243.8,970
243.85,970
243.9,970
243.95,970
244,970
244.05,970
244.1,970
244.15,970
244.2,970
244.25,970
244.3,970
244.35,970
244.4,970
244.45,970
244.5,970
244.55,970
244.6,970
244.65,970
244.7,970
244.75,970
244.8,970
244.85,970
244.9,970
244.95,970
245,970
245.05,970
245.1,970
245.15,970
245.2,970
245.25,970
245.3,970
245.35,970
245.4,970
245.45,970
245.5,970
245.55,970
245.6,970
245.65,970
245.7,970
245.75,970
245.8,970
245.85,970
245.9,970
245.95,970
246,970
246.05,970
246.1,970
246.15,970
246.2,970
246.25,970
246.3,970
246.35,970
246.4,970
246.45,970
246.5,970
246.55,970
246.6,970
246.65,970
246.7,970
246.75,970
246.8,970
246.85,970
246.9,970
246.95,970
247,970
247.05,970
247.1,970
247.15,970
247.2,970
247.25,970
247.3,970
247.35,970
247.4,970
247.45,970
247.5,970
247.55,970
247.6,970
247.65,970
247.7,970
247.75,970
247.8,970
247.85,970
247.9,970
247.95,970
248,970
248.05,970
248.1,970
248.15,970
248.2,970
248.25,970
248.3,970
248.35,970
248.4,970
248.45,970
248.5,970
248.55,970
248.6,970
248.65,970
248.7,970
248.75,970
248.8,970
248.85,970
248.9,970
248.95,970
249,970
249.05,970
249.1,970
249.15,970
249.2,970
249.25,970
249.3,970
249.35,970
249.4,970
249.45,970
249.5,970
249.55,970
249.6,970
249.65,970
249.7,970
249.75,970
249.8,970
249.85,970
249.9,970
249.95,970
250,970
250.05,970
250.1,970
250.15,970
250.2,970
250.25,970
250.3,970
250.35,970
250.4,970
250.45,970
250.5,970
250.55,970
250.6,970
250.65,970
250.7,970
250.75,970
250.8,970
250.85,970
250.9,970
250.95,970
251,970
251.05,970
251.1,970
251.15,970
251.2,970
251.25,970
251.3,970
251.35,970
251.4,970
251.45,970
251.5,970
251.55,970
251.6,970
251.65,970
251.7,970
251.75,970
251.8,970
251.85,970
251.9,970
251.95,970
252,970
252.05,970
252.1,970
252.15,970
252.2,970
252.25,970
252.3,970
252.35,970
252.4,970
252.45,970
252.5,970
252.55,970
252.6,970
252.65,970
252.7,970
252.75,970
252.8,970
252.85,970
252.9,970
252.95,970
253,970
253.05,970
253.1,970
253.15,970
253.2,970
253.25,970
253.3,970
253.35,970
253.4,970
253.45,970
253.5,970
253.55,970
253.6,970
253.65,970
253.7,970
253.75,970
253.8,970
253.85,970
253.9,970
253.95,970
254,970
254.05,970
254.1,970
254.15,970
254.2,970
254.25,970
254.3,970
254.35,970
254.4,970
254.45,970
254.5,970
254.55,970
254.6,970
254.65,970
254.7,970
254.75,970
254.8,970
254.85,970
254.9,970
254.95,970
255,970
255.05,970
255.1,970
255.15,970
255.2,970
255.25,970
255.3,970
255.35,970
255.4,970
255.45,970
255.5,970
255.55,970
255.6,970
255.65,970
255.7,970
255.75,970
255.8,970
255.85,970
255.9,970
255.95,970
256,970
256.05,970
256.1,970
256.15,970
256.2,970
256.25,970
256.3,970
256.35,970
256.4,970
256.45,970
256.5,970
256.55,970
256.6,970
256.65,970
256.7,970
256.75,970
256.8,970
256.85,970
256.9,970
256.95,970
257,970
257.05,970
257.1,970
257.15,970
257.2,970
257.25,970
257.3,970
257.35,970
257.4,970
257.45,970
257.5,970
257.55,970
257.6,970
257.65,970
257.7,970
257.75,970
257.8,970
257.85,970
257.9,970
257.95,970
258,970
258.05,970
258.1,970
258.15,970
258.2,970
258.25,970
258.3,970
258.35,970
258.4,970
258.45,970
258.5,970
258.55,970
258.6,970
258.65,970
258.7,970
258.75,970
258.8,970
258.85,970
258.9,970
258.95,970
259,970
259.05,970
259.1,970
259.15,970
259.2,970
259.25,970
259.3,970
259.35,970
259.4,970
259.45,970
259.5,970
259.55,970
259.6,970
259.65,970
259.7,970
259.75,970
259.8,970
259.85,970
259.9,970
259.95,970
260,970
260.05,970
260.1,970
260.15,970
260.2,970
260.25,970
260.3,970
260.35,970
260.4,970
260.45,970
260.5,970
260.55,970
260.6,970
260.65,970
260.7,970
260.75,970
260.8,970
260.85,970
260.9,970
260.95,970
261,970
261.05,970
261.1,970
261.15,970
261.2,970
261.25,970
261.3,970
261.35,970
261.4,970
261.45,970
261.5,970
261.55,970
261.6,970
261.65,970
261.7,970
261.75,970
261.8,970
261.85,970
261.9,970
261.95,970
262,970
262.05,970
262.1,970
262.15,970
262.2,970
262.25,970
262.3,970
262.35,970
262.4,970
262.45,970
262.5,970
262.55,970
262.6,970
262.65,970
262.7,970
262.75,970
262.8,970
262.85,970
262.9,970
262.95,970
263,970
263.05,970
263.1,970
263.15,970
263.2,970
263.25,970
263.3,970
263.35,970
263.4,970
263.45,970
263.5,970
263.55,970
263.6,970
263.65,970
263.7,970
263.75,970
263.8,970
263.85,970
263.9,970
263.95,970
264,970
264.05,970
264.1,970
264.15,970
264.2,970
264.25,970
264.3,970
264.35,970
264.4,970
264.45,970
264.5,970
264.55,970
264.6,970
264.65,970
264.7,970
264.75,970
264.8,970
264.85,970
264.9,970
264.95,970
265,970
265.05,970
265.1,970
265.15,970
265.2,970
265.25,970
265.3,970
265.35,970
265.4,970
265.45,970
265.5,970
265.55,970
265.6,970
265.65,970
265.7,970
265.75,970
265.8,970
265.85,970
265.9,970
265.95,970
266,970
266.05,970
266.1,970
266.15,970
266.2,970
266.25,970
266.3,970
266.35,970
266.4,970
266.45,970
266.5,970
266.55,970
266.6,970
266.65,970
266.7,970
266.75,970
266.8,970
266.85,970
266.9,970
266.95,970
267,970
267.05,970
267.1,970
267.15,970
267.2,970
267.25,970
267.3,970
267.35,970
267.4,970
267.45,970
267.5,970
267.55,970
267.6,970
267.65,970
267.7,970
267.75,970
267.8,970
267.85,970
267.9,970
267.95,970
268,970
268.05,970
268.1,970
268.15,970
268.2,970
268.25,970
268.3,970
268.35,970
268.4,970
268.45,970
268.5,970
268.55,970
268.6,970
268.65,970
268.7,970
268.75,970
268.8,970
268.85,970
268.9,970
268.95,970
269,970
269.05,970
269.1,970
269.15,970
269.2,970
269.25,970
269.3,970
269.35,970
269.4,970
269.45,970
269.5,970
269.55,970
269.6,970
269.65,970
269.7,970
269.75,970
269.8,970
269.85,970
269.9,970
269.95,970
270,970
270.05,970
270.1,970
270.15,970
270.2,970
270.25,970
270.3,970
270.35,970
270.4,970
270.45,970
270.5,970
270.55,970
270.6,970
270.65,970
270.7,970
270.75,970
270.8,970
270.85,970
270.9,970
270.95,970
271,970
271.05,970
271.1,970
271.15,970
271.2,970
271.25,970
271.3,970
271.35,970
271.4,970
271.45,970
271.5,970
271.55,970
271.6,970
271.65,970
271.7,970
271.75,970
271.8,970
271.85,970
271.9,970
271.95,970
272,970
272.05,970
272.1,970
272.15,970
272.2,970
272.25,970
272.3,970
272.35,970
272.4,970
272.45,970
272.5,970
272.55,970
272.6,970
272.65,970
272.7,970
272.75,970
272.8,970
272.85,970
272.9,970
272.95,970
273,970
273.05,970
273.1,970
273.15,970
273.2,970
273.25,970
273.3,970
273.35,970
273.4,970
273.45,970
273.5,970
273.55,970
273.6,970
273.65,970
273.7,970
273.75,970
273.8,970
273.85,970
273.9,970
273.95,970
274,970
274.05,970
274.1,970
274.15,970
274.2,970
274.25,970
274.3,970
274.35,970
274.4,970
274.45,970
274.5,970
274.55,970
274.6,970
274.65,970
274.7,970
274.75,970
274.8,970
274.85,970
274.9,970
274.95,970
275,970
275.05,970
275.1,970
275.15,970
275.2,970
275.25,970
275.3,970
275.35,970
275.4,970
275.45,970
275.5,970
275.55,970
275.6,970
275.65,970
275.7,970
275.75,970
275.8,970
275.85,970
275.9,970
275.95,970
276,970
276.05,970
276.1,970
276.15,970
276.2,970
276.25,970
276.3,970
276.35,970
276.4,970
276.45,970
276.5,970
276.55,970
276.6,970
276.65,970
276.7,970
276.75,970
276.8,970
276.85,970
276.9,970
276.95,970
277,970
277.05,970
277.1,970
277.15,970
277.2,970
277.25,970
277.3,970
277.35,970
277.4,970
277.45,970
277.5,970
277.55,970
277.6,970
277.65,970
277.7,970
277.75,970
277.8,970
277.85,970
277.9,970
277.95,970
278,970
278.05,970
278.1,970
278.15,970
278.2,970
278.25,970
278.3,970
278.35,970
278.4,970
278.45,970
278.5,970
278.55,970
278.6,970
278.65,970
278.7,970
278.75,970
278.8,970
278.85,970
278.9,970
278.95,970
279,970
279.05,970
279.1,970
279.15,970
279.2,970
279.25,970
279.3,970
279.35,970
279.4,970
279.45,970
279.5,970
279.55,970
279.6,970
279.65,970
279.7,970
279.75,970
279.8,970
279.85,970
279.9,970
279.95,970
280,970
280.05,970
280.1,970
280.15,970
280.2,970
280.25,970
280.3,970
280.35,970
280.4,970
280.45,970
280.5,970
280.55,970
280.6,970
280.65,970
280.7,970
280.75,970
280.8,970
280.85,970
280.9,970
280.95,970
281,970
281.05,970
281.1,970
281.15,970
281.2,970
281.25,970
281.3,970
281.35,970
281.4,970
281.45,970
281.5,970
281.55,970
281.6,970
281.65,970
281.7,970
281.75,970
281.8,970
281.85,970
281.9,970
281.95,970
282,970
282.05,970
282.1,970
282.15,970
282.2,970
282.25,970
282.3,970
282.35,970
282.4,970
282.45,970
282.5,970
282.55,970
282.6,970
282.65,970
282.7,970
282.75,970
282.8,970
282.85,970
282.9,970
282.95,970
283,970
283.05,970
283.1,970
283.15,970
283.2,970
283.25,970
283.3,970
283.35,970
283.4,970
283.45,970
283.5,970
283.55,970
283.6,970
283.65,970
283.7,970
283.75,970
283.8,970
283.85,970
283.9,970
283.95,970
284,970
284.05,970
284.1,970
284.15,970
284.2,970
284.25,970
284.3,970
284.35,970
284.4,970
284.45,970
284.5,970
284.55,970
284.6,970
284.65,970
284.7,970
284.75,970
284.8,970
284.85,970
284.9,970
284.95,970
285,970
285.05,970
285.1,970
285.15,970
285.2,970
285.25,970
285.3,970
285.35,970
285.4,970
285.45,970
285.5,970
285.55,970
285.6,970
285.65,970
285.7,970
285.75,970
285.8,970
285.85,970
285.9,970
285.95,970
286,970
286.05,970
286.1,970
286.15,970
286.2,970
286.25,970
286.3,970
286.35,970
286.4,970
286.45,970
286.5,970
286.55,970
286.6,970
286.65,970
286.7,970
286.75,970
286.8,970
286.85,970
286.9,970
286.95,970
287,970
287.05,970
287.1,970
287.15,970
287.2,970
287.25,970
287.3,970
287.35,970
287.4,970
287.45,970
287.5,970
287.55,970
287.6,970
287.65,970
287.7,970
287.75,970
287.8,970
287.85,970
287.9,970
287.95,970
288,970
288.05,970
288.1,970
288.15,970
288.2,970
288.25,970
288.3,970
288.35,970
288.4,970
288.45,970
288.5,970
288.55,970
288.6,970
288.65,970
288.7,970
288.75,970
288.8,970
288.85,970
288.9,970
288.95,970
289,970
289.05,970
289.1,970
289.15,970
289.2,970
289.25,970
289.3,970
289.35,970
289.4,970
289.45,970
289.5,970
289.55,970
289.6,970
289.65,970
289.7,970
289.75,970
289.8,970
289.85,970
289.9,970
289.95,970
290,970
290.05,970
290.1,970
290.15,970
290.2,970
290.25,970
290.3,970
290.35,970
290.4,970
290.45,970
290.5,970
290.55,970
290.6,970
290.65,970
290.7,970
290.75,970
290.8,970
290.85,970
290.9,970
290.95,970
291,970
291.05,970
291.1,970
291.15,970
291.2,970
291.25,970
291.3,970
291.35,970
291.4,970
291.45,970
291.5,970
291.55,970
291.6,970
291.65,970
291.7,970
291.75,970
291.8,970
291.85,970
291.9,970
291.95,970
292,970
292.05,970
292.1,970
292.15,970
292.2,970
292.25,970
292.3,970
292.35,970
292.4,970
292.45,970
292.5,970
292.55,970
292.6,970
292.65,970
292.7,970
292.75,970
292.8,970
292.85,970
292.9,970
292.95,970
293,970
293.05,970
293.1,970
293.15,970
293.2,970
293.25,970
293.3,970
293.35,970
293.4,970
293.45,970
293.5,970
293.55,970
293.6,970
293.65,970
293.7,970
293.75,970
293.8,970
293.85,970
293.9,970
293.95,970
294,970
294.05,970
294.1,970
294.15,970
294.2,970
294.25,970
294.3,970
294.35,970
294.4,970
294.45,970
294.5,970
294.55,970
294.6,970
294.65,970
294.7,970
294.75,970
294.8,970
294.85,970
294.9,970
294.95,970
295,970
295.05,970
295.1,970
295.15,970
295.2,970
295.25,970
295.3,970
295.35,970
295.4,970
295.45,970
295.5,970
295.55,970
295.6,970
295.65,970
295.7,970
295.75,970
295.8,970
295.85,970
295.9,970
295.95,970
296,970
296.05,970
296.1,970
296.15,970
296.2,970
296.25,970
296.3,970
296.35,970
296.4,970
296.45,970
296.5,970
296.55,970
296.6,970
296.65,970
296.7,970
296.75,970
296.8,970
296.85,970
296.9,970
296.95,970
297,970
297.05,970
297.1,970
297.15,970
297.2,970
297.25,970
297.3,970
297.35,970
297.4,970
297.45,970
297.5,970
297.55,970
297.6,970
297.65,970
297.7,970
297.75,970
297.8,970
297.85,970
297.9,970
297.95,970
298,970
298.05,970
298.1,970
298.15,970
298.2,970
298.25,970
298.3,970
298.35,970
298.4,970
298.45,970
298.5,970
298.55,970
298.6,970
298.65,970
298.7,970
298.75,970
298.8,970
298.85,970
298.9,970
298.95,970
299,970
299.05,970
299.1,970
299.15,970
299.2,970
299.25,970
299.3,970
299.35,970
299.4,970
299.45,970
299.5,970
299.55,970
299.6,970
299.65,970
299.7,970
299.75,970
299.8,970
299.85,970
299.9,970
299.95,970
300,970
300.05,970
300.1,970
300.15,970
300.2,970
300.25,970
300.3,970
300.35,970
300.4,970
300.45,970
300.5,970
300.55,970
300.6,970
300.65,970
300.7,970
300.75,970
300.8,970
300.85,970
300.9,970
300.95,970
301,970
301.05,970
301.1,970
301.15,970
301.2,970
301.25,970
301.3,970
301.35,970
301.4,970
301.45,970
301.5,970
301.55,970
301.6,970
301.65,970
301.7,970
301.75,970
301.8,970
301.85,970
301.9,970
301.95,970
302,970
302.05,970
302.1,970
302.15,970
302.2,970
302.25,970
302.3,970
302.35,970
302.4,970
302.45,970
302.5,970
302.55,970
302.6,970
302.65,970
302.7,970
302.75,970
302.8,970
302.85,970
302.9,970
302.95,970
303,970
303.05,970
303.1,970
303.15,970
303.2,970
303.25,970
303.3,970
303.35,970
303.4,970
303.45,970
303.5,970
303.55,970
303.6,970
303.65,970
303.7,970
303.75,970
303.8,970
303.85,970
303.9,970
303.95,970
304,970
304.05,970
304.1,970
304.15,970
304.2,970
304.25,970
304.3,970
304.35,970
304.4,970
304.45,970
304.5,970
304.55,970
304.6,970
304.65,970
304.7,970
304.75,970
304.8,970
304.85,970
304.9,970
304.95,970
305,970
305.05,970
305.1,970
305.15,970
305.2,970
305.25,970
305.3,970
305.35,970
305.4,970
305.45,970
305.5,970
305.55,970
305.6,970
305.65,970
305.7,970
305.75,970
305.8,970
305.85,970
305.9,970
305.95,970
306,970
306.05,970
306.1,970
306.15,970
306.2,970
306.25,970
306.3,970
306.35,970
306.4,970
306.45,970
306.5,970
306.55,970
306.6,970
306.65,970
306.7,970
306.75,970
306.8,970
306.85,970
306.9,970
306.95,970
307,970
307.05,970
307.1,970
307.15,970
307.2,970
307.25,970
307.3,970
307.35,970
307.4,970
307.45,970
307.5,970
307.55,970
307.6,970
307.65,970
307.7,970
307.75,970
307.8,970
307.85,970
307.9,970
307.95,970
308,970
308.05,970
308.1,970
308.15,970
308.2,970
308.25,970
308.3,970
308.35,970
308.4,970
308.45,970
308.5,970
308.55,970
308.6,970
308.65,970
308.7,970
308.75,970
308.8,970
308.85,970
308.9,970
308.95,970
309,970
309.05,970
309.1,970
309.15,970
309.2,970
309.25,970
309.3,970
309.35,970
309.4,970
309.45,970
309.5,970
309.55,970
309.6,970
309.65,970
309.7,970
309.75,970
309.8,970
309.85,970
309.9,970
309.95,970
310,970
310.05,970
310.1,970
310.15,970
310.2,970
310.25,970
310.3,970
310.35,970
310.4,970
310.45,970
310.5,970
310.55,970
310.6,970
310.65,970
310.7,970
310.75,970
310.8,970
310.85,970
310.9,970
310.95,970
311,970
311.05,970
311.1,970
311.15,970
311.2,970
311.25,970
311.3,970
311.35,970
311.4,970
311.45,970
311.5,970
311.55,970
311.6,970
311.65,970
311.7,970
311.75,970
311.8,970
311.85,970
311.9,970
311.95,970
312,970
312.05,970
312.1,970
312.15,970
312.2,970
312.25,970
312.3,970
312.35,970
312.4,970
312.45,970
312.5,970
312.55,970
312.6,970
312.65,970
312.7,970
312.75,970
312.8,970
312.85,970
312.9,970
312.95,970
313,970
313.05,970
313.1,970
313.15,970
313.2,970
313.25,970
313.3,970
313.35,970
313.4,970
313.45,970
313.5,970
313.55,970
313.6,970
313.65,970
313.7,970
313.75,970
313.8,970
313.85,970
313.9,970
313.95,970
314,970
314.05,970
314.1,970
314.15,970
314.2,970
314.25,970
314.3,970
314.35,970
314.4,970
314.45,970
314.5,970
314.55,970
314.6,970
314.65,970
314.7,970
314.75,970
314.8,970
314.85,970
314.9,970
314.95,970
315,970
315.05,970
315.1,970
315.15,970
315.2,970
315.25,970
315.3,970
315.35,970
315.4,970
315.45,970
315.5,970
315.55,970
315.6,970
315.65,970
315.7,970
315.75,970
315.8,970
315.85,970
315.9,970
315.95,970
316,970
316.05,970
316.1,970
316.15,970
316.2,970
316.25,970
316.3,970
316.35,970
316.4,970
316.45,970
316.5,970
316.55,970
316.6,970
316.65,970
316.7,970
316.75,970
316.8,970
316.85,970
316.9,970
316.95,970
317,970
317.05,970
317.1,970
317.15,970
317.2,970
317.25,970
317.3,970
317.35,970
317.4,970
317.45,970
317.5,970
317.55,970
317.6,970
317.65,970
317.7,970
317.75,970
317.8,970
317.85,970
317.9,970
317.95,970
318,970
318.05,970
318.1,970
318.15,970
318.2,970
318.25,970
318.3,970
318.35,970
318.4,970
318.45,970
318.5,970
318.55,970
318.6,970
318.65,970
318.7,970
318.75,970
318.8,970
318.85,970
318.9,970
318.95,970
319,970
319.05,970
319.1,970
319.15,970
319.2,970
319.25,970
319.3,970
319.35,970
319.4,970
319.45,970
319.5,970
319.55,970
319.6,970
319.65,970
319.7,970
319.75,970
319.8,970
319.85,970
319.9,970
319.95,970
320,970
320.05,970
320.1,970
320.15,970
320.2,970
320.25,970
320.3,970
320.35,970
320.4,970
320.45,970
320.5,970
320.55,970
320.6,970
320.65,970
320.7,970
320.75,970
320.8,970
320.85,970
320.9,970
320.95,970
321,970
321.05,970
321.1,970
321.15,970
321.2,970
321.25,970
321.3,970
321.35,970
321.4,970
321.45,970
321.5,970
321.55,970
321.6,970
321.65,970
321.7,970
321.75,970
321.8,970
321.85,970
321.9,970
321.95,970
322,970
322.05,970
322.1,970
322.15,970
322.2,970
322.25,970
322.3,970
322.35,970
322.4,970
322.45,970
322.5,970
322.55,970
322.6,970
322.65,970
322.7,970
322.75,970
322.8,970
322.85,970
322.9,970
322.95,970
323,970
323.05,970
323.1,970
323.15,970
323.2,970
323.25,970
323.3,970
323.35,970
323.4,970
323.45,970
323.5,970
323.55,970
323.6,970
323.65,970
323.7,970
323.75,970
323.8,970
323.85,970
323.9,970
323.95,970
324,970
324.05,970
324.1,970
324.15,970
324.2,970
324.25,970
324.3,970
324.35,970
324.4,970
324.45,970
324.5,970
324.55,970
324.6,970
324.65,970
324.7,970
324.75,970
324.8,970
324.85,970
324.9,970
324.95,970
325,970
325.05,970
325.1,970
325.15,970
325.2,970
325.25,970
325.3,970
325.35,970
325.4,970
325.45,970
325.5,970
325.55,970
325.6,970
325.65,970
325.7,970
325.75,970
325.8,970
325.85,970
325.9,970
325.95,970
326,970
326.05,970
326.1,970
326.15,970
326.2,970
326.25,970
326.3,970
326.35,970
326.4,970
326.45,970
326.5,970
326.55,970
326.6,970
326.65,970
326.7,970
326.75,970
326.8,970
326.85,970
326.9,970
326.95,970
327,970
327.05,970
327.1,970
327.15,970
327.2,970
327.25,970
327.3,970
327.35,970
327.4,970
327.45,970
327.5,970
327.55,970
327.6,970
327.65,970
327.7,970
327.75,970
327.8,970
327.85,970
327.9,970
327.95,970
328,970
328.05,970
328.1,970
328.15,970
328.2,970
328.25,970
328.3,970
328.35,970
328.4,970
328.45,970
328.5,970
328.55,970
328.6,970
328.65,970
328.7,970
328.75,970
328.8,970
328.85,970
328.9,970
328.95,970
329,970
329.05,970
329.1,970
329.15,970
329.2,970
329.25,970
329.3,970
329.35,970
329.4,970
329.45,970
329.5,970
329.55,970
329.6,970
329.65,970
329.7,970
329.75,970
329.8,970
329.85,970
329.9,970
329.95,970
330,970
330.05,970
330.1,970
330.15,970
330.2,970
330.25,970
330.3,970
330.35,970
330.4,970
330.45,970
330.5,970
330.55,970
330.6,970
330.65,970
330.7,970
330.75,970
330.8,970
330.85,970
330.9,970
330.95,970
331,970
331.05,970
331.1,970
331.15,970
331.2,970
331.25,970
331.3,970
331.35,970
331.4,970
331.45,970
331.5,970
331.55,970
331.6,970
331.65,970
331.7,970
331.75,970
331.8,970
331.85,970
331.9,970
331.95,970
332,970
332.05,970
332.1,970
332.15,970
332.2,970
332.25,970
332.3,970
332.35,970
332.4,970
332.45,970
332.5,970
332.55,970
332.6,970
332.65,970
332.7,970
332.75,970
332.8,970
332.85,970
332.9,970
332.95,970
333,970
333.05,970
333.1,970
333.15,970
333.2,970
333.25,970
333.3,970
333.35,970
333.4,970
333.45,970
333.5,970
333.55,970
333.6,970
333.65,970
333.7,970
333.75,970
333.8,970
333.85,970
333.9,970
333.95,970
334,970
334.05,970
334.1,970
334.15,970
334.2,970
334.25,970
334.3,970
334.35,970
334.4,970
334.45,970
334.5,970
334.55,970
334.6,970
334.65,970
334.7,970
334.75,970
334.8,970
334.85,970
334.9,970
334.95,970
335,970
335.05,970
335.1,970
335.15,970
335.2,970
335.25,970
335.3,970
335.35,970
335.4,970
335.45,970
335.5,970
335.55,970
335.6,970
335.65,970
335.7,970
335.75,970
335.8,970
335.85,970
335.9,970
335.95,970
336,970
336.05,970
336.1,970
336.15,970
336.2,970
336.25,970
336.3,970
336.35,970
336.4,970
336.45,970
336.5,970
336.55,970
336.6,970
336.65,970
336.7,970
336.75,970
336.8,970
336.85,970
336.9,970
336.95,970
337,970
337.05,970
337.1,970
337.15,970
337.2,970
337.25,970
337.3,970
337.35,970
337.4,970
337.45,970
337.5,970
337.55,970
337.6,970
337.65,970
337.7,970
337.75,970
337.8,970
337.85,970
337.9,970
337.95,970
338,970
338.05,970
338.1,970
338.15,970
338.2,970
338.25,970
338.3,970
338.35,970
338.4,970
338.45,970
338.5,970
338.55,970
338.6,970
338.65,970
338.7,970
338.75,970
338.8,970
338.85,970
338.9,970
338.95,970
339,970
339.05,970
339.1,970
339.15,970
339.2,970
339.25,970
339.3,970
339.35,970
339.4,970
339.45,970
339.5,970
339.55,970
339.6,970
339.65,970
339.7,970
339.75,970
339.8,970
339.85,970
339.9,970
339.95,970
340,970
340.05,970
340.1,970
340.15,970
340.2,970
340.25,970
340.3,970
340.35,970
340.4,970
340.45,970
340.5,970
340.55,970
340.6,970
340.65,970
340.7,970
340.75,970
340.8,970
340.85,970
340.9,970
340.95,970
341,970
341.05,970
341.1,970
341.15,970
341.2,970
341.25,970
341.3,970
341.35,970
341.4,970
341.45,970
341.5,970
341.55,970
341.6,970
341.65,970
341.7,970
341.75,970
341.8,970
341.85,970
341.9,970
341.95,970
342,970
342.05,970
342.1,970
342.15,970
342.2,970
342.25,970
342.3,970
342.35,970
342.4,970
342.45,970
342.5,970
342.55,970
342.6,970
342.65,970
342.7,970
342.75,970
342.8,970
342.85,970
342.9,970
342.95,970
343,970
343.05,970
343.1,970
343.15,970
343.2,970
343.25,970
343.3,970
343.35,970
343.4,970
343.45,970
343.5,970
343.55,970
343.6,970
343.65,970
343.7,970
343.75,970
343.8,970
343.85,970
343.9,970
343.95,970
344,970
344.05,970
344.1,970
344.15,970
344.2,970
344.25,970
344.3,970
344.35,970
344.4,970
344.45,970
344.5,970
344.55,970
344.6,970
344.65,970
344.7,970
344.75,970
344.8,970
344.85,970
344.9,970
344.95,970
345,970
345.05,970
345.1,970
345.15,970
345.2,970
345.25,970
345.3,970
345.35,970
345.4,970
345.45,970
345.5,970
345.55,970
345.6,970
345.65,970
345.7,970
345.75,970
345.8,970
345.85,970
345.9,970
345.95,970
346,970
346.05,970
346.1,970
346.15,970
346.2,970
346.25,970
346.3,970
346.35,970
346.4,970
346.45,970
346.5,970
346.55,970
346.6,970
346.65,970
346.7,970
346.75,970
346.8,970
346.85,970
346.9,970
346.95,970
347,970
347.05,970
347.1,970
347.15,970
347.2,970
347.25,970
347.3,970
347.35,970
347.4,970
347.45,970
347.5,970
347.55,970
347.6,970
347.65,970
347.7,970
347.75,970
347.8,970
347.85,970
347.9,970
347.95,970
348,970
348.05,970
348.1,970
348.15,970
348.2,970
348.25,970
348.3,970
348.35,970
348.4,970
348.45,970
348.5,970
348.55,970
348.6,970
348.65,970
348.7,970
348.75,970
348.8,970
348.85,970
348.9,970
348.95,970
349,970
349.05,970
349.1,970
349.15,970
349.2,970
349.25,970
349.3,970
349.35,970
349.4,970
349.45,970
349.5,970
349.55,970
349.6,970
349.65,970
349.7,970
349.75,970
349.8,970
349.85,970
349.9,970
349.95,970
350,970
350.05,970
350.1,970
350.15,970
350.2,970
350.25,970
350.3,970
350.35,970
350.4,970
350.45,970
350.5,970
350.55,970
350.6,970
350.65,970
350.7,970
350.75,970
350.8,970
350.85,970
350.9,970
350.95,970
351,970
351.05,970
351.1,970
351.15,970
351.2,970
351.25,970
351.3,970
351.35,970
351.4,970
351.45,970
351.5,970
351.55,970
351.6,970
351.65,970
351.7,970
351.75,970
351.8,970
351.85,970
351.9,970
351.95,970
352,970
352.05,970
352.1,970
352.15,970
352.2,970
352.25,970
352.3,970
352.35,970
352.4,970
352.45,970
352.5,970
352.55,970
352.6,970
352.65,970
352.7,970
352.75,970
352.8,970
352.85,970
352.9,970
352.95,970
353,970
353.05,970
353.1,970
353.15,970
353.2,970
353.25,970
353.3,970
353.35,970
353.4,970
353.45,970
353.5,970
353.55,970
353.6,970
353.65,970
353.7,970
353.75,970
353.8,970
353.85,970
353.9,970
353.95,970
354,970
354.05,970
354.1,970
354.15,970
354.2,970
354.25,970
354.3,970
354.35,970
354.4,970
354.45,970
354.5,970
354.55,970
354.6,970
354.65,970
354.7,970
354.75,970
354.8,970
354.85,970
354.9,970
354.95,970
355,970
355.05,970
355.1,970
355.15,970
355.2,970
355.25,970
355.3,970
355.35,970
355.4,970
355.45,970
355.5,970
355.55,970
355.6,970
355.65,970
355.7,970
355.75,970
355.8,970
355.85,970
355.9,970
355.95,970
356,970
356.05,970
356.1,970
356.15,970
356.2,970
356.25,970
356.3,970
356.35,970
356.4,970
356.45,970
356.5,970
356.55,970
356.6,970
356.65,970
356.7,970
356.75,970
356.8,970
356.85,970
356.9,970
356.95,970
357,970
357.05,970
357.1,970
357.15,970
357.2,970
357.25,970
357.3,970
357.35,970
357.4,970
357.45,970
357.5,970
357.55,970
357.6,970
357.65,970
357.7,970
357.75,970
357.8,970
357.85,970
357.9,970
357.95,970
358,970
358.05,970
358.1,970
358.15,970
358.2,970
358.25,970
358.3,970
358.35,970
358.4,970
358.45,970
358.5,970
358.55,970
358.6,970
358.65,970
358.7,970
358.75,970
358.8,970
358.85,970
358.9,970
358.95,970
359,970
359.05,970
359.1,970
359.15,970
359.2,970
359.25,970
359.3,970
359.35,970
359.4,970
359.45,970
359.5,970
359.55,970
359.6,970
359.65,970
359.7,970
359.75,970
359.8,970
359.85,970
359.9,970
359.95,970
360,970
360.05,970
360.1,970
360.15,970
360.2,970
360.25,970
360.3,970
360.35,970
360.4,970
360.45,970
360.5,970
360.55,970
360.6,970
360.65,970
360.7,970
360.75,970
360.8,970
360.85,970
360.9,970
360.95,970
361,970
361.05,970
361.1,970
361.15,970
361.2,970
361.25,970
361.3,970
361.35,970
361.4,970
361.45,970
361.5,970
361.55,970
361.6,970
361.65,970
361.7,970
361.75,970
361.8,970
361.85,970
361.9,970
361.95,970
362,970
362.05,970
362.1,970
362.15,970
362.2,970
362.25,970
362.3,970
362.35,970
362.4,970
362.45,970
362.5,970
362.55,970
362.6,970
362.65,970
362.7,970
362.75,970
362.8,970
362.85,970
362.9,970
362.95,970
363,970
363.05,970
363.1,970
363.15,970
363.2,970
363.25,970
363.3,970
363.35,970
363.4,970
363.45,970
363.5,970
363.55,970
363.6,970
363.65,970
363.7,970
363.75,970
363.8,970
363.85,970
363.9,970
363.95,970
364,970
364.05,970
364.1,970
364.15,970
364.2,970
364.25,970
364.3,970
364.35,970
364.4,970
364.45,970
364.5,970
364.55,970
364.6,970
364.65,970
364.7,970
364.75,970
364.8,970
364.85,970
364.9,970
364.95,970
365,970
365.05,970
365.1,970
365.15,970
365.2,970
365.25,970
365.3,970
365.35,970
365.4,970
365.45,970
365.5,970
365.55,970
365.6,970
365.65,970
365.7,970
365.75,970
365.8,970
365.85,970
365.9,970
365.95,970
366,970
366.05,970
366.1,970
366.15,970
366.2,970
366.25,970
366.3,970
366.35,970
366.4,970
366.45,970
366.5,970
366.55,970
366.6,970
366.65,970
366.7,970
366.75,970
366.8,970
366.85,970
366.9,970
366.95,970
367,970
367.05,970
367.1,970
367.15,970
367.2,970
367.25,970
367.3,970
367.35,970
367.4,970
367.45,970
367.5,970
367.55,970
367.6,970
367.65,970
367.7,970
367.75,970
367.8,970
367.85,970
367.9,970
367.95,970
368,970
368.05,970
368.1,970
368.15,970
368.2,970
368.25,970
368.3,970
368.35,970
368.4,970
368.45,970
368.5,970
368.55,970
368.6,970
368.65,970
368.7,970
368.75,970
368.8,970
368.85,970
368.9,970
368.95,970
369,970
369.05,970
369.1,970
369.15,970
369.2,970
369.25,970
369.3,970
369.35,970
369.4,970
369.45,970
369.5,970
369.55,970
369.6,970
369.65,970
369.7,970
369.75,970
369.8,970
369.85,970
369.9,970
369.95,970
370,970
370.05,970
370.1,970
370.15,970
370.2,970
370.25,970
370.3,970
370.35,970
370.4,970
370.45,970
370.5,970
370.55,970
370.6,970
370.65,970
370.7,970
370.75,970
370.8,970
370.85,970
370.9,970
370.95,970
371,970
371.05,970
371.1,970
371.15,970
371.2,970
371.25,970
371.3,970
371.35,970
371.4,970
371.45,970
371.5,970
371.55,970
371.6,970
371.65,970
371.7,970
371.75,970
371.8,970
371.85,970
371.9,970
371.95,970
372,970
372.05,970
372.1,970
372.15,970
372.2,970
372.25,970
372.3,970
372.35,970
372.4,970
372.45,970
372.5,970
372.55,970
372.6,970
372.65,970
372.7,970
372.75,970
372.8,970
372.85,970
372.9,970
372.95,970
373,970
373.05,970
373.1,970
373.15,970
373.2,970
373.25,970
373.3,970
373.35,970
373.4,970
373.45,970
373.5,970
373.55,970
373.6,970
373.65,970
373.7,970
373.75,970
373.8,970
373.85,970
373.9,970
373.95,970
374,970
374.05,970
374.1,970
374.15,970
374.2,970
374.25,970
374.3,970
374.35,970
374.4,970
374.45,970
374.5,970
374.55,970
374.6,970
374.65,970
374.7,970
374.75,970
374.8,970
374.85,970
374.9,970
374.95,970
375,970
375.05,970
375.1,970
375.15,970
375.2,970
375.25,970
375.3,970
375.35,970
375.4,970
375.45,970
375.5,970
375.55,970
375.6,970
375.65,970
375.7,970
375.75,970
375.8,970
375.85,970
375.9,970
375.95,970
376,970
376.05,970
376.1,970
376.15,970
376.2,970
376.25,970
376.3,970
376.35,970
376.4,970
376.45,970
376.5,970
376.55,970
376.6,970
376.65,970
376.7,970
376.75,970
376.8,970
376.85,970
376.9,970
376.95,970
377,970
377.05,970
377.1,970
377.15,970
377.2,970
377.25,970
377.3,970
377.35,970
377.4,970
377.45,970
377.5,970
377.55,970
377.6,970
377.65,970
377.7,970
377.75,970
377.8,970
377.85,970
377.9,970
377.95,970
378,970
378.05,970
378.1,970
378.15,970
378.2,970
378.25,970
378.3,970
378.35,970
378.4,970
378.45,970
378.5,970
378.55,970
378.6,970
378.65,970
378.7,970
378.75,970
378.8,970
378.85,970
378.9,970
378.95,970
379,970
379.05,970
379.1,970
379.15,970
379.2,970
379.25,970
379.3,970
379.35,970
379.4,970
379.45,970
379.5,970
379.55,970
379.6,970
379.65,970
379.7,970
379.75,970
379.8,970
379.85,970
379.9,970
379.95,970
380,970
380.05,970
380.1,970
380.15,970
380.2,970
380.25,970
380.3,970
380.35,970
380.4,970
380.45,970
380.5,970
380.55,970
380.6,970
380.65,970
380.7,970
380.75,970
380.8,970
380.85,970
380.9,970
380.95,970
381,970
381.05,970
381.1,970
381.15,970
381.2,970
381.25,970
381.3,970
381.35,970
381.4,970
381.45,970
381.5,970
381.55,970
381.6,970
381.65,970
381.7,970
381.75,970
381.8,970
381.85,970
381.9,970
381.95,970
382,970
382.05,970
382.1,970
382.15,970
382.2,970
382.25,970
382.3,970
382.35,970
382.4,970
382.45,970
382.5,970
382.55,970
382.6,970
382.65,970
382.7,970
382.75,970
382.8,970
382.85,970
382.9,970
382.95,970
383,970
383.05,970
383.1,970
383.15,970
383.2,970
383.25,970
383.3,970
383.35,970
383.4,970
383.45,970
383.5,970
383.55,970
383.6,970
383.65,970
383.7,970
383.75,970
383.8,970
383.85,970
383.9,970
383.95,970
384,970
384.05,970
384.1,970
384.15,970
384.2,970
384.25,970
384.3,970
384.35,970
384.4,970
384.45,970
384.5,970
384.55,970
384.6,970
384.65,970
384.7,970
384.75,970
384.8,970
384.85,970
384.9,970
384.95,970
385,970
385.05,970
385.1,970
385.15,970
385.2,970
385.25,970
385.3,970
385.35,970
385.4,970
385.45,970
385.5,970
385.55,970
385.6,970
385.65,970
385.7,970
385.75,970
385.8,970
385.85,970
385.9,970
385.95,970
386,970
386.05,970
386.1,970
386.15,970
386.2,970
386.25,970
386.3,970
386.35,970
386.4,970
386.45,970
386.5,970
386.55,970
386.6,970
386.65,970
386.7,970
386.75,970
386.8,970
386.85,970
386.9,970
386.95,970
387,970
387.05,970
387.1,970
387.15,970
387.2,970
387.25,970
387.3,970
387.35,970
387.4,970
387.45,970
387.5,970
387.55,970
387.6,970
387.65,970
387.7,970
387.75,970
387.8,970
387.85,970
387.9,970
387.95,970
388,970
388.05,970
388.1,970
388.15,970
388.2,970
388.25,970
388.3,970
388.35,970
388.4,970
388.45,970
388.5,970
388.55,970
388.6,970
388.65,970
388.7,970
388.75,970
388.8,970
388.85,970
388.9,970
388.95,970
389,970
389.05,970
389.1,970
389.15,970
389.2,970
389.25,970
389.3,970
389.35,970
389.4,970
389.45,970
389.5,970
389.55,970
389.6,970
389.65,970
389.7,970
389.75,970
389.8,970
389.85,970
389.9,970
389.95,970
390,970
390.05,970
390.1,970
390.15,970
390.2,970
390.25,970
390.3,970
390.35,970
390.4,970
390.45,970
390.5,970
390.55,970
390.6,970
390.65,970
390.7,970
390.75,970
390.8,970
390.85,970
390.9,970
390.95,970
391,970
391.05,970
391.1,970
391.15,970
391.2,970
391.25,970
391.3,970
391.35,970
391.4,970
391.45,970
391.5,970
391.55,970
391.6,970
391.65,970
391.7,970
391.75,970
391.8,970
391.85,970
391.9,970
391.95,970
392,970
392.05,970
392.1,970
392.15,970
392.2,970
392.25,970
392.3,970
392.35,970
392.4,970
392.45,970
392.5,970
392.55,970
392.6,970
392.65,970
392.7,970
392.75,970
392.8,970
392.85,970
392.9,970
392.95,970
393,970
393.05,970
393.1,970
393.15,970
393.2,970
393.25,970
393.3,970
393.35,970
393.4,970
393.45,970
393.5,970
393.55,970
393.6,970
393.65,970
393.7,970
393.75,970
393.8,970
393.85,970
393.9,970
393.95,970
394,970
394.05,970
394.1,970
394.15,970
394.2,970
394.25,970
394.3,970
394.35,970
394.4,970
394.45,970
394.5,970
394.55,970
394.6,970
394.65,970
394.7,970
394.75,970
394.8,970
394.85,970
394.9,970
394.95,970
395,970
395.05,970
395.1,970
395.15,970
395.2,970
395.25,970
395.3,970
395.35,970
395.4,970
395.45,970
395.5,970
395.55,970
395.6,970
395.65,970
395.7,970
395.75,970
395.8,970
395.85,970
395.9,970
395.95,970
396,970
396.05,970
396.1,970
396.15,970
396.2,970
396.25,970
396.3,970
396.35,970
396.4,970
396.45,970
396.5,970
396.55,970
396.6,970
396.65,970
396.7,970
396.75,970
396.8,970
396.85,970
396.9,970
396.95,970
397,970
397.05,970
397.1,970
397.15,970
397.2,970
397.25,970
397.3,970
397.35,970
397.4,970
397.45,970
397.5,970
397.55,970
397.6,970
397.65,970
397.7,970
397.75,970
397.8,970
397.85,970
397.9,970
397.95,970
398,970
398.05,970
398.1,970
398.15,970
398.2,970
398.25,970
398.3,970
398.35,970
398.4,970
398.45,970
398.5,970
398.55,970
398.6,970
398.65,970
398.7,970
398.75,970
398.8,970
398.85,970
398.9,970
398.95,970
399,970
399.05,970
399.1,970
399.15,970
399.2,970
399.25,970
399.3,970
399.35,970
399.4,970
399.45,970
399.5,970
399.55,970
399.6,970
399.65,970
399.7,970
399.75,970
399.8,970
399.85,970
399.9,970
399.95,970
400,970
400.05,970
400.1,970
400.15,970
400.2,970
400.25,970
400.3,970
400.35,970
400.4,970
400.45,970
400.5,970
400.55,970
400.6,970
400.65,970
400.7,970
400.75,970
400.8,970
400.85,970
400.9,970
400.95,970
401,970
401.05,970
401.1,970
401.15,970
401.2,970
401.25,970
401.3,970
401.35,970
401.4,970
401.45,970
401.5,970
401.55,970
401.6,970
401.65,970
401.7,970
401.75,970
401.8,970
401.85,970
401.9,970
401.95,970
402,970
402.05,970
402.1,970
402.15,970
402.2,970
402.25,970
402.3,970
402.35,970
402.4,970
402.45,970
402.5,970
402.55,970
402.6,970
402.65,970
402.7,970
402.75,970
402.8,970
402.85,970
402.9,970
402.95,970
403,970
403.05,970
403.1,970
403.15,970
403.2,970
403.25,970
403.3,970
403.35,970
403.4,970
403.45,970
403.5,970
403.55,970
403.6,970
403.65,970
403.7,970
403.75,970
403.8,970
403.85,970
403.9,970
403.95,970
404,970
404.05,970
404.1,970
404.15,970
404.2,970
404.25,970
404.3,970
404.35,970
404.4,970
404.45,970
404.5,970
404.55,970
404.6,970
404.65,970
404.7,970
404.75,970
404.8,970
404.85,970
404.9,970
404.95,970
405,970
405.05,970
405.1,970
405.15,970
405.2,970
405.25,970
405.3,970
405.35,970
405.4,970
405.45,970
405.5,970
405.55,970
405.6,970
405.65,970
405.7,970
405.75,970
405.8,970
405.85,970
405.9,970
405.95,970
406,970
406.05,970
406.1,970
406.15,970
406.2,970
406.25,970
406.3,970
406.35,970
406.4,970
406.45,970
406.5,970
406.55,970
406.6,970
406.65,970
406.7,970
406.75,970
406.8,970
406.85,970
406.9,970
406.95,970
407,970
407.05,970
407.1,970
407.15,970
407.2,970
407.25,970
407.3,970
407.35,970
407.4,970
407.45,970
407.5,970
407.55,970
407.6,970
407.65,970
407.7,970
407.75,970
407.8,970
407.85,970
407.9,970
407.95,970
408,970
408.05,970
408.1,970
408.15,970
408.2,970
408.25,970
408.3,970
408.35,970
408.4,970
408.45,970
408.5,970
408.55,970
408.6,970
408.65,970
408.7,970
408.75,970
408.8,970
408.85,970
408.9,970
408.95,970
409,970
409.05,970
409.1,970
409.15,970
409.2,970
409.25,970
409.3,970
409.35,970
409.4,970
409.45,970
409.5,970
409.55,970
409.6,970
409.65,970
409.7,970
409.75,970
409.8,970
409.85,970
409.9,970
409.95,970
410,970
410.05,970
410.1,970
410.15,970
410.2,970
410.25,970
410.3,970
410.35,970
410.4,970
410.45,970
410.5,970
410.55,970
410.6,970
410.65,970
410.7,970
410.75,970
410.8,970
410.85,970
410.9,970
410.95,970
411,970
411.05,970
411.1,970
411.15,970
411.2,970
411.25,970
411.3,970
411.35,970
411.4,970
411.45,970
411.5,970
411.55,970
411.6,970
411.65,970
411.7,970
411.75,970
411.8,970
411.85,970
411.9,970
411.95,970
412,970
412.05,970
412.1,970
412.15,970
412.2,970
412.25,970
412.3,970
412.35,970
412.4,970
412.45,970
412.5,970
412.55,970
412.6,970
412.65,970
412.7,970
412.75,970
412.8,970
412.85,970
412.9,970
412.95,970
413,970
413.05,970
413.1,970
413.15,970
413.2,970
413.25,970
413.3,970
413.35,970
413.4,970
413.45,970
413.5,970
413.55,970
413.6,970
413.65,970
413.7,970
413.75,970
413.8,970
413.85,970
413.9,970
413.95,970
414,970
414.05,970
414.1,970
414.15,970
414.2,970
414.25,970
414.3,970
414.35,970
414.4,970
414.45,970
414.5,970
414.55,970
414.6,970
414.65,970
414.7,970
414.75,970
414.8,970
414.85,970
414.9,970
414.95,970
415,970
415.05,970
415.1,970
415.15,970
415.2,970
415.25,970
415.3,970
415.35,970
415.4,970
415.45,970
415.5,970
415.55,970
415.6,970
415.65,970
415.7,970
415.75,970
415.8,970
415.85,970
415.9,970
415.95,970
416,970
416.05,970
416.1,970
416.15,970
416.2,970
416.25,970
416.3,970
416.35,970
416.4,970
416.45,970
416.5,970
416.55,970
416.6,970
416.65,970
416.7,970
416.75,970
416.8,970
416.85,970
416.9,970
416.95,970
417,970
417.05,970
417.1,970
417.15,970
417.2,970
417.25,970
417.3,970
417.35,970
417.4,970
417.45,970
417.5,970
417.55,970
417.6,970
417.65,970
417.7,970
417.75,970
417.8,970
417.85,970
417.9,970
417.95,970
418,970
418.05,970
418.1,970
418.15,970
418.2,970
418.25,970
418.3,970
418.35,970
418.4,970
418.45,970
418.5,970
418.55,970
418.6,970
418.65,970
418.7,970
418.75,970
418.8,970
418.85,970
418.9,970
418.95,970
419,970
419.05,970
419.1,970
419.15,970
419.2,970
419.25,970
419.3,970
419.35,970
419.4,970
419.45,970
419.5,970
419.55,970
419.6,970
419.65,970
419.7,970
419.75,970
419.8,970
419.85,970
419.9,970
419.95,970
420,970
420.05,970
420.1,970
420.15,970
420.2,970
420.25,970
420.3,970
420.35,970
420.4,970
420.45,970
420.5,970
420.55,970
420.6,970
420.65,970
420.7,970
420.75,970
420.8,970
420.85,970
420.9,970
420.95,970
421,970
421.05,970
421.1,970
421.15,970
421.2,970
421.25,970
421.3,970
421.35,970
421.4,970
421.45,970
421.5,970
421.55,970
421.6,970
421.65,970
421.7,970
421.75,970
421.8,970
421.85,970
421.9,970
421.95,970
422,970
422.05,970
422.1,970
422.15,970
422.2,970
422.25,970
422.3,970
422.35,970
422.4,970
422.45,970
422.5,970
422.55,970
422.6,970
422.65,970
422.7,970
422.75,970
422.8,970
422.85,970
422.9,970
422.95,970
423,970
423.05,970
423.1,970
423.15,970
423.2,970
423.25,970
423.3,970
423.35,970
423.4,970
423.45,970
423.5,970
423.55,970
423.6,970
423.65,970
423.7,970
423.75,970
423.8,970
423.85,970
423.9,970
423.95,970
424,970
424.05,970
424.1,970
424.15,970
424.2,970
424.25,970
424.3,970
424.35,970
424.4,970
424.45,970
424.5,970
424.55,970
424.6,970
424.65,970
424.7,970
424.75,970
424.8,970
424.85,970
424.9,970
424.95,970
425,970
425.05,970
425.1,970
425.15,970
425.2,970
425.25,970
425.3,970
425.35,970
425.4,970
425.45,970
425.5,970
425.55,970
425.6,970
425.65,970
425.7,970
425.75,970
425.8,970
425.85,970
425.9,970
425.95,970
426,970
426.05,970
426.1,970
426.15,970
426.2,970
426.25,970
426.3,970
426.35,970
426.4,970
426.45,970
426.5,970
426.55,970
426.6,970
426.65,970
426.7,970
426.75,970
426.8,970
426.85,970
426.9,970
426.95,970
427,970
427.05,970
427.1,970
427.15,970
427.2,970
427.25,970
427.3,970
427.35,970
427.4,970
427.45,970
427.5,970
427.55,970
427.6,970
427.65,970
427.7,970
427.75,970
427.8,970
427.85,970
427.9,970
427.95,970
428,970
428.05,970
428.1,970
428.15,970
428.2,970
428.25,970
428.3,970
428.35,970
428.4,970
428.45,970
428.5,970
428.55,970
428.6,970
428.65,970
428.7,970
428.75,970
428.8,970
428.85,970
428.9,970
428.95,970
429,970
429.05,970
429.1,970
429.15,970
429.2,970
429.25,970
429.3,970
429.35,970
429.4,970
429.45,970
429.5,970
429.55,970
429.6,970
429.65,970
429.7,970
429.75,970
429.8,970
429.85,970
429.9,970
429.95,970
430,970
430.05,970
430.1,970
430.15,970
430.2,970
430.25,970
430.3,970
430.35,970
430.4,970
430.45,970
430.5,970
430.55,970
430.6,970
430.65,970
430.7,970
430.75,970
430.8,970
430.85,970
430.9,970
430.95,970
431,970
431.05,970
431.1,970
431.15,970
431.2,970
431.25,970
431.3,970
431.35,970
431.4,970
431.45,970
431.5,970
431.55,970
431.6,970
431.65,970
431.7,970
431.75,970
431.8,970
431.85,970
431.9,970
431.95,970
432,970
432.05,970
432.1,970
432.15,970
432.2,970
432.25,970
432.3,970
432.35,970
432.4,970
432.45,970
432.5,970
432.55,970
432.6,970
432.65,970
432.7,970
432.75,970
432.8,970
432.85,970
432.9,970
432.95,970
433,970
433.05,970
433.1,970
433.15,970
433.2,970
433.25,970
433.3,970
433.35,970
433.4,970
433.45,970
433.5,970
433.55,970
433.6,970
433.65,970
433.7,970
433.75,970
433.8,970
433.85,970
433.9,970
433.95,970
434,970
434.05,970
434.1,970
434.15,970
434.2,970
434.25,970
434.3,970
434.35,970
434.4,970
434.45,970
434.5,970
434.55,970
434.6,970
434.65,970
434.7,970
434.75,970
434.8,970
434.85,970
434.9,970
434.95,970
435,970
435.05,970
435.1,970
435.15,970
435.2,970
435.25,970
435.3,970
435.35,970
435.4,970
435.45,970
435.5,970
435.55,970
435.6,970
435.65,970
435.7,970
435.75,970
435.8,970
435.85,970
435.9,970
435.95,970
436,970
436.05,970
436.1,970
436.15,970
436.2,970
436.25,970
436.3,970
436.35,970
436.4,970
436.45,970
436.5,970
436.55,970
436.6,970
436.65,970
436.7,970
436.75,970
436.8,970
436.85,970
436.9,970
436.95,970
437,970
437.05,970
437.1,970
437.15,970
437.2,970
437.25,970
437.3,970
437.35,970
437.4,970
437.45,970
437.5,970
437.55,970
437.6,970
437.65,970
437.7,970
437.75,970
437.8,970
437.85,970
437.9,970
437.95,970
438,970
438.05,970
438.1,970
438.15,970
438.2,970
438.25,970
438.3,970
438.35,970
438.4,970
438.45,970
438.5,970
438.55,970
438.6,970
438.65,970
438.7,970
438.75,970
438.8,970
438.85,970
438.9,970
438.95,970
439,970
439.05,970
439.1,970
439.15,970
439.2,970
439.25,970
439.3,970
439.35,970
439.4,970
439.45,970
439.5,970
439.55,970
439.6,970
439.65,970
439.7,970
439.75,970
439.8,970
439.85,970
439.9,970
439.95,970
440,970
440.05,970
440.1,970
440.15,970
440.2,970
440.25,970
440.3,970
440.35,970
440.4,970
440.45,970
440.5,970
440.55,970
440.6,970
440.65,970
440.7,970
440.75,970
440.8,970
440.85,970
440.9,970
440.95,970
441,970
441.05,970
441.1,970
441.15,970
441.2,970
441.25,970
441.3,970
441.35,970
441.4,970
441.45,970
441.5,970
441.55,970
441.6,970
441.65,970
441.7,970
441.75,970
441.8,970
441.85,970
441.9,970
441.95,970
442,970
442.05,970
442.1,970
442.15,970
442.2,970
442.25,970
442.3,970
442.35,970
442.4,970
442.45,970
442.5,970
442.55,970
442.6,970
442.65,970
442.7,970
442.75,970
442.8,970
442.85,970
442.9,970
442.95,970
443,970
443.05,970
443.1,970
443.15,970
443.2,970
443.25,970
443.3,970
443.35,970
443.4,970
443.45,970
443.5,970
443.55,970
443.6,970
443.65,970
443.7,970
443.75,970
443.8,970
443.85,970
443.9,970
443.95,970
444,970
444.05,970
444.1,970
444.15,970
444.2,970
444.25,970
444.3,970
444.35,970
444.4,970
444.45,970
444.5,970
444.55,970
444.6,970
444.65,970
444.7,970
444.75,970
444.8,970
444.85,970
444.9,970
444.95,970
445,970
445.05,970
445.1,970
445.15,970
445.2,970
445.25,970
445.3,970
445.35,970
445.4,970
445.45,970
445.5,970
445.55,970
445.6,970
445.65,970
445.7,970
445.75,970
445.8,970
445.85,970
445.9,970
445.95,970
446,970
446.05,970
446.1,970
446.15,970
446.2,970
446.25,970
446.3,970
446.35,970
446.4,970
446.45,970
446.5,970
446.55,970
446.6,970
446.65,970
446.7,970
446.75,970
446.8,970
446.85,970
446.9,970
446.95,970
447,970
447.05,970
447.1,970
447.15,970
447.2,970
447.25,970
447.3,970
447.35,970
447.4,970
447.45,970
447.5,970
447.55,970
447.6,970
447.65,970
447.7,970
447.75,970
447.8,970
447.85,970
447.9,970
447.95,970
448,970
448.05,970
448.1,970
448.15,970
448.2,970
448.25,970
448.3,970
448.35,970
448.4,970
448.45,970
448.5,970
448.55,970
448.6,970
448.65,970
448.7,970
448.75,970
448.8,970
448.85,970
448.9,970
448.95,970
449,970
449.05,970
449.1,970
449.15,970
449.2,970
449.25,970
449.3,970
449.35,970
449.4,970
449.45,970
449.5,970
449.55,970
449.6,970
449.65,970
449.7,970
449.75,970
449.8,970
449.85,970
449.9,970
449.95,970
450,970
450.05,970
450.1,970
450.15,970
450.2,970
450.25,970
450.3,970
450.35,970
450.4,970
450.45,970
450.5,970
450.55,970
450.6,970
450.65,970
450.7,970
450.75,970
450.8,970
450.85,970
450.9,970
450.95,970
451,970
451.05,970
451.1,970
451.15,970
451.2,970
451.25,970
451.3,970
451.35,970
451.4,970
451.45,970
451.5,970
451.55,970
451.6,970
451.65,970
451.7,970
451.75,970
451.8,970
451.85,970
451.9,970
451.95,970
452,970
452.05,970
452.1,970
452.15,970
452.2,970
452.25,970
452.3,970
452.35,970
452.4,970
452.45,970
452.5,970
452.55,970
452.6,970
452.65,970
452.7,970
452.75,970
452.8,970
452.85,970
452.9,970
452.95,970
453,970
453.05,970
453.1,970
453.15,970
453.2,970
453.25,970
453.3,970
453.35,970
453.4,970
453.45,970
453.5,970
453.55,970
453.6,970
453.65,970
453.7,970
453.75,970
453.8,970
453.85,970
453.9,970
453.95,970
454,970
454.05,970
454.1,970
454.15,970
454.2,970
454.25,970
454.3,970
454.35,970
454.4,970
454.45,970
454.5,970
454.55,970
454.6,970
454.65,970
454.7,970
454.75,970
454.8,970
454.85,970
454.9,970
454.95,970
455,970
455.05,970
455.1,970
455.15,970
455.2,970
455.25,970
455.3,970
455.35,970
455.4,970
455.45,970
455.5,970
455.55,970
455.6,970
455.65,970
455.7,970
455.75,970
455.8,970
455.85,970
455.9,970
455.95,970
456,970
456.05,970
456.1,970
456.15,970
456.2,970
456.25,970
456.3,970
456.35,970
456.4,970
456.45,970
456.5,970
456.55,970
456.6,970
456.65,970
456.7,970
456.75,970
456.8,970
456.85,970
456.9,970
456.95,970
457,970
457.05,970
457.1,970
457.15,970
457.2,970
457.25,970
457.3,970
457.35,970
457.4,970
457.45,970
457.5,970
457.55,970
457.6,970
457.65,970
457.7,970
457.75,970
457.8,970
457.85,970
457.9,970
457.95,970
458,970
458.05,970
458.1,970
458.15,970
458.2,970
458.25,970
458.3,970
458.35,970
458.4,970
458.45,970
458.5,970
458.55,970
458.6,970
458.65,970
458.7,970
458.75,970
458.8,970
458.85,970
458.9,970
458.95,970
459,970
459.05,970
459.1,970
459.15,970
459.2,970
459.25,970
459.3,970
459.35,970
459.4,970
459.45,970
459.5,970
459.55,970
459.6,970
459.65,970
459.7,970
459.75,970
459.8,970
459.85,970
459.9,970
459.95,970
460,970
460.05,970
460.1,970
460.15,970
460.2,970
460.25,970
460.3,970
460.35,970
460.4,970
460.45,970
460.5,970
460.55,970
460.6,970
460.65,970
460.7,970
460.75,970
460.8,970
460.85,970
460.9,970
460.95,970
461,970
461.05,970
461.1,970
461.15,970
461.2,970
461.25,970
461.3,970
461.35,970
461.4,970
461.45,970
461.5,970
461.55,970
461.6,970
461.65,970
461.7,970
461.75,970
461.8,970
461.85,970
461.9,970
461.95,970
462,970
462.05,970
462.1,970
462.15,970
462.2,970
462.25,970
462.3,970
462.35,970
462.4,970
462.45,970
462.5,970
462.55,970
462.6,970
462.65,970
462.7,970
462.75,970
462.8,970
462.85,970
462.9,970
462.95,970
463,970
463.05,970
463.1,970
463.15,970
463.2,970
463.25,970
463.3,970
463.35,970
463.4,970
463.45,970
463.5,970
463.55,970
463.6,970
463.65,970
463.7,970
463.75,970
463.8,970
463.85,970
463.9,970
463.95,970
464,970
464.05,970
464.1,970
464.15,970
464.2,970
464.25,970
464.3,970
464.35,970
464.4,970
464.45,970
464.5,970
464.55,970
464.6,970
464.65,970
464.7,970
464.75,970
464.8,970
464.85,970
464.9,970
464.95,970
465,970
465.05,970
465.1,970
465.15,970
465.2,970
465.25,970
465.3,970
465.35,970
465.4,970
465.45,970
465.5,970
465.55,970
465.6,970
465.65,970
465.7,970
465.75,970
465.8,970
465.85,970
465.9,970
465.95,970
466,970
466.05,970
466.1,970
466.15,970
466.2,970
466.25,970
466.3,970
466.35,970
466.4,970
466.45,970
466.5,970
466.55,970
466.6,970
466.65,970
466.7,970
466.75,970
466.8,970
466.85,970
466.9,970
466.95,970
467,970
467.05,970
467.1,970
467.15,970
467.2,970
467.25,970
467.3,970
467.35,970
467.4,970
467.45,970
467.5,970
467.55,970
467.6,970
467.65,970
467.7,970
467.75,970
467.8,970
467.85,970
467.9,970
467.95,970
468,970
468.05,970
468.1,970
468.15,970
468.2,970
468.25,970
468.3,970
468.35,970
468.4,970
468.45,970
468.5,970
468.55,970
468.6,970
468.65,970
468.7,970
468.75,970
468.8,970
468.85,970
468.9,970
468.95,970
469,970
469.05,970
469.1,970
469.15,970
469.2,970
469.25,970
469.3,970
469.35,970
469.4,970
469.45,970
469.5,970
469.55,970
469.6,970
469.65,970
469.7,970
469.75,970
469.8,970
469.85,970
469.9,970
469.95,970
470,970
470.05,970
470.1,970
470.15,970
470.2,970
470.25,970
470.3,970
470.35,970
470.4,970
470.45,970
470.5,970
470.55,970
470.6,970
470.65,970
470.7,970
470.75,970
470.8,970
470.85,970
470.9,970
470.95,970
471,970
471.05,970
471.1,970
471.15,970
471.2,970
471.25,970
471.3,970
471.35,970
471.4,970
471.45,970
471.5,970
471.55,970
471.6,970
471.65,970
471.7,970
471.75,970
471.8,970
471.85,970
471.9,970
471.95,970
472,970
472.05,970
472.1,970
472.15,970
472.2,970
472.25,970
472.3,970
472.35,970
472.4,970
472.45,970
472.5,970
472.55,970
472.6,970
472.65,970
472.7,970
472.75,970
472.8,970
472.85,970
472.9,970
472.95,970
473,970
473.05,970
473.1,970
473.15,970
473.2,970
473.25,970
473.3,970
473.35,970
473.4,970
473.45,970
473.5,970
473.55,970
473.6,970
473.65,970
473.7,970
473.75,970
473.8,970
473.85,970
473.9,970
473.95,970
474,970
474.05,970
474.1,970
474.15,970
474.2,970
474.25,970
474.3,970
474.35,970
474.4,970
474.45,970
474.5,970
474.55,970
474.6,970
474.65,970
474.7,970
474.75,970
474.8,970
474.85,970
474.9,970
474.95,970
475,970
475.05,970
475.1,970
475.15,970
475.2,970
475.25,970
475.3,970
475.35,970
475.4,970
475.45,970
475.5,970
475.55,970
475.6,970
475.65,970
475.7,970
475.75,970
475.8,970
475.85,970
475.9,970
475.95,970
476,970
476.05,970
476.1,970
476.15,970
476.2,970
476.25,970
476.3,970
476.35,970
476.4,970
476.45,970
476.5,970
476.55,970
476.6,970
476.65,970
476.7,970
476.75,970
476.8,970
476.85,970
476.9,970
476.95,970
477,970
477.05,970
477.1,970
477.15,970
477.2,970
477.25,970
477.3,970
477.35,970
477.4,970
477.45,970
477.5,970
477.55,970
477.6,970
477.65,970
477.7,970
477.75,970
477.8,970
477.85,970
477.9,970
477.95,970
478,970
478.05,970
478.1,970
478.15,970
478.2,970
478.25,970
478.3,970
478.35,970
478.4,970
478.45,970
478.5,970
478.55,970
478.6,970
478.65,970
478.7,970
478.75,970
478.8,970
478.85,970
478.9,970
478.95,970
479,970
479.05,970
479.1,970
479.15,970
479.2,970
479.25,970
479.3,970
479.35,970
479.4,970
479.45,970
479.5,970
479.55,970
479.6,970
479.65,970
479.7,970
479.75,970
479.8,970
479.85,970
479.9,970
479.95,970
480,970
480.05,970
480.1,970
480.15,970
480.2,970
480.25,970
480.3,970
480.35,970
480.4,970
480.45,970
480.5,970
480.55,970
480.6,970
480.65,970
480.7,970
480.75,970
480.8,970
480.85,970
480.9,970
480.95,970
481,970
481.05,970
481.1,970
481.15,970
481.2,970
481.25,970
481.3,970
481.35,970
481.4,970
481.45,970
481.5,970
481.55,970
481.6,970
481.65,970
481.7,970
481.75,970
481.8,970
481.85,970
481.9,970
481.95,970
482,970
482.05,970
482.1,970
482.15,970
482.2,970
482.25,970
482.3,970
482.35,970
482.4,970
482.45,970
482.5,970
482.55,970
482.6,970
482.65,970
482.7,970
482.75,970
482.8,970
482.85,970
482.9,970
482.95,970
483,970
483.05,970
483.1,970
483.15,970
483.2,970
483.25,970
483.3,970
483.35,970
483.4,970
483.45,970
483.5,970
483.55,970
483.6,970
483.65,970
483.7,970
483.75,970
483.8,970
483.85,970
483.9,970
483.95,970
484,970
484.05,970
484.1,970
484.15,970
484.2,970
484.25,970
484.3,970
484.35,970
484.4,970
484.45,970
484.5,970
484.55,970
484.6,970
484.65,970
484.7,970
484.75,970
484.8,970
484.85,970
484.9,970
484.95,970
485,970
485.05,970
485.1,970
485.15,970
485.2,970
485.25,970
485.3,970
485.35,970
485.4,970
485.45,970
485.5,970
485.55,970
485.6,970
485.65,970
485.7,970
485.75,970
485.8,970
485.85,970
485.9,970
485.95,970
486,970
486.05,970
486.1,970
486.15,970
486.2,970
486.25,970
486.3,970
486.35,970
486.4,970
486.45,970
486.5,970
486.55,970
486.6,970
486.65,970
486.7,970
486.75,970
486.8,970
486.85,970
486.9,970
486.95,970
487,970
487.05,970
487.1,970
487.15,970
487.2,970
487.25,970
487.3,970
487.35,970
487.4,970
487.45,970
487.5,970
487.55,970
487.6,970
487.65,970
487.7,970
487.75,970
487.8,970
487.85,970
487.9,970
487.95,970
488,970
488.05,970
488.1,970
488.15,970
488.2,970
488.25,970
488.3,970
488.35,970
488.4,970
488.45,970
488.5,970
488.55,970
488.6,970
488.65,970
488.7,970
488.75,970
488.8,970
488.85,970
488.9,970
488.95,970
489,970
489.05,970
489.1,970
489.15,970
489.2,970
489.25,970
489.3,970
489.35,970
489.4,970
489.45,970
489.5,970
489.55,970
489.6,970
489.65,970
489.7,970
489.75,970
489.8,970
489.85,970
489.9,970
489.95,970
490,970
490.05,970
490.1,970
490.15,970
490.2,970
490.25,970
490.3,970
490.35,970
490.4,970
490.45,970
490.5,970
490.55,970
490.6,970
490.65,970
490.7,970
490.75,970
490.8,970
490.85,970
490.9,970
490.95,970
491,970
491.05,970
491.1,970
491.15,970
491.2,970
491.25,970
491.3,970
491.35,970
491.4,970
491.45,970
491.5,970
491.55,970
491.6,970
491.65,970
491.7,970
491.75,970
491.8,970
491.85,970
491.9,970
491.95,970
492,970
492.05,970
492.1,970
492.15,970
492.2,970
492.25,970
492.3,970
492.35,970
492.4,970
492.45,970
492.5,970
492.55,970
492.6,970
492.65,970
492.7,970
492.75,970
492.8,970
492.85,970
492.9,970
492.95,970
493,970
493.05,970
493.1,970
493.15,970
493.2,970
493.25,970
493.3,970
493.35,970
493.4,970
493.45,970
493.5,970
493.55,970
493.6,970
493.65,970
493.7,970
493.75,970
493.8,970
493.85,970
493.9,970
493.95,970
494,970
494.05,970
494.1,970
494.15,970
494.2,970
494.25,970
494.3,970
494.35,970
494.4,970
494.45,970
494.5,970
494.55,970
494.6,970
494.65,970
494.7,970
494.75,970
494.8,970
494.85,970
494.9,970
494.95,970
495,970
495.05,970
495.1,970
495.15,970
495.2,970
495.25,970
495.3,970
495.35,970
495.4,970
495.45,970
495.5,970
495.55,970
495.6,970
495.65,970
495.7,970
495.75,970
495.8,970
495.85,970
495.9,970
495.95,970
496,970
496.05,970
496.1,970
496.15,970
496.2,970
496.25,970
496.3,970
496.35,970
496.4,970
496.45,970
496.5,970
496.55,970
496.6,970
496.65,970
496.7,970
496.75,970
496.8,970
496.85,970
496.9,970
496.95,970
497,970
497.05,970
497.1,970
497.15,970
497.2,970
497.25,970
497.3,970
497.35,970
497.4,970
497.45,970
497.5,970
497.55,970
497.6,970
497.65,970
497.7,970
497.75,970
497.8,970
497.85,970
497.9,970
497.95,970
498,970
498.05,970
498.1,970
498.15,970
498.2,970
498.25,970
498.3,970
498.35,970
498.4,970
498.45,970
498.5,970
498.55,970
498.6,970
498.65,970
498.7,970
498.75,970
498.8,970
498.85,970
498.9,970
498.95,970
499,970
499.05,970
499.1,970
499.15,970
499.2,970
499.25,970
499.3,970
499.35,970
499.4,970
499.45,970
499.5,970
499.55,970
499.6,970
499.65,970
499.7,970
499.75,970
499.8,970
499.85,970
499.9,970
499.95,970
500,970
500.05,970
500.1,970
500.15,970
500.2,970
500.25,970
500.3,970
500.35,970
500.4,970
500.45,970
500.5,970
500.55,970
500.6,970
500.65,970
500.7,970
500.75,970
500.8,970
500.85,970
500.9,970
500.95,970
501,970
501.05,970
501.1,970
501.15,970
501.2,970
501.25,970
501.3,970
501.35,970
501.4,970
501.45,970
501.5,970
501.55,970
501.6,970
501.65,970
501.7,970
501.75,970
501.8,970
501.85,970
501.9,970
501.95,970
502,970
502.05,970
502.1,970
502.15,970
502.2,970
502.25,970
502.3,970
502.35,970
502.4,970
502.45,970
502.5,970
502.55,970
502.6,970
502.65,970
502.7,970
502.75,970
502.8,970
502.85,970
502.9,970
502.95,970
503,970
503.05,970
503.1,970
503.15,970
503.2,970
503.25,970
503.3,970
503.35,970
503.4,970
503.45,970
503.5,970
503.55,970
503.6,970
503.65,970
503.7,970
503.75,970
503.8,970
503.85,970
503.9,970
503.95,970
504,970
504.05,970
504.1,970
504.15,970
504.2,970
504.25,970
504.3,970
504.35,970
504.4,970
504.45,970
504.5,970
504.55,970
504.6,970
504.65,970
504.7,970
504.75,970
504.8,970
504.85,970
504.9,970
504.95,970
505,970
505.05,970
505.1,970
505.15,970
505.2,970
505.25,970
505.3,970
505.35,970
505.4,970
505.45,970
505.5,970
505.55,970
505.6,970
505.65,970
505.7,970
505.75,970
505.8,970
505.85,970
505.9,970
505.95,970
506,970
506.05,970
506.1,970
506.15,970
506.2,970
506.25,970
506.3,970
506.35,970
506.4,970
506.45,970
506.5,970
506.55,970
506.6,970
506.65,970
506.7,970
506.75,970
506.8,970
506.85,970
506.9,970
506.95,970
507,970
507.05,970
507.1,970
507.15,970
507.2,970
507.25,970
507.3,970
507.35,970
507.4,970
507.45,970
507.5,970
507.55,970
507.6,970
507.65,970
507.7,970
507.75,970
507.8,970
507.85,970
507.9,970
507.95,970
508,970
508.05,970
508.1,970
508.15,970
508.2,970
508.25,970
508.3,970
508.35,970
508.4,970
508.45,970
508.5,970
508.55,970
508.6,970
508.65,970
508.7,970
508.75,970
508.8,970
508.85,970
508.9,970
508.95,970
509,970
509.05,970
509.1,970
509.15,970
509.2,970
509.25,970
509.3,970
509.35,970
509.4,970
509.45,970
509.5,970
509.55,970
509.6,970
509.65,970
509.7,970
509.75,970
509.8,970
509.85,970
509.9,970
509.95,970
510,970
510.05,970
510.1,970
510.15,970
510.2,970
510.25,970
510.3,970
510.35,970
510.4,970
510.45,970
510.5,970
510.55,970
510.6,970
510.65,970
510.7,970
510.75,970
510.8,970
510.85,970
510.9,970
510.95,970
511,970
511.05,970
511.1,970
511.15,970
511.2,970
511.25,970
511.3,970
511.35,970
511.4,970
511.45,970
511.5,970
511.55,970
511.6,970
511.65,970
511.7,970
511.75,970
511.8,970
511.85,970
511.9,970
511.95,970
512,970
512.05,970
512.1,970
512.15,970
512.2,970
512.25,970
512.3,970
512.35,970
512.4,970
512.45,970
512.5,970
512.55,970
512.6,970
512.65,970
512.7,970
512.75,970
512.8,970
512.85,970
512.9,970
512.95,970
513,970
513.05,970
513.1,970
513.15,970
513.2,970
513.25,970
513.3,970
513.35,970
513.4,970
513.45,970
513.5,970
513.55,970
513.6,970
513.65,970
513.7,970
513.75,970
513.8,970
513.85,970
513.9,970
513.95,970
514,970
514.05,970
514.1,970
514.15,970
514.2,970
514.25,970
514.3,970
514.35,970
514.4,970
514.45,970
514.5,970
514.55,970
514.6,970
514.65,970
514.7,970
514.75,970
514.8,970
514.85,970
514.9,970
514.95,970
515,970
515.05,970
515.1,970
515.15,970
515.2,970
515.25,970
515.3,970
515.35,970
515.4,970
515.45,970
515.5,970
515.55,970
515.6,970
515.65,970
515.7,970
515.75,970
515.8,970
515.85,970
515.9,970
515.95,970
516,970
516.05,970
516.1,970
516.15,970
516.2,970
516.25,970
516.3,970
516.35,970
516.4,970
516.45,970
516.5,970
516.55,970
516.6,970
516.65,970
516.7,970
516.75,970
516.8,970
516.85,970
516.9,970
516.95,970
517,970
517.05,970
517.1,970
517.15,970
517.2,970
517.25,970
517.3,970
517.35,970
517.4,970
517.45,970
517.5,970
517.55,970
517.6,970
517.65,970
517.7,970
517.75,970
517.8,970
517.85,970
517.9,970
517.95,970
518,970
518.05,970
518.1,970
518.15,970
518.2,970
518.25,970
518.3,970
518.35,970
518.4,970
518.45,970
518.5,970
518.55,970
518.6,970
518.65,970
518.7,970
518.75,970
518.8,970
518.85,970
518.9,970
518.95,970
519,970
519.05,970
519.1,970
519.15,970
519.2,970
519.25,970
519.3,970
519.35,970
519.4,970
519.45,970
519.5,970
519.55,970
519.6,970
519.65,970
519.7,970
519.75,970
519.8,970
519.85,970
519.9,970
519.95,970
520,970
520.05,970
520.1,970
520.15,970
520.2,970
520.25,970
520.3,970
520.35,970
520.4,970
520.45,970
520.5,970
520.55,970
520.6,970
520.65,970
520.7,970
520.75,970
520.8,970
520.85,970
520.9,970
520.95,970
521,970
521.05,970
521.1,970
521.15,970
521.2,970
521.25,970
521.3,970
521.35,970
521.4,970
521.45,970
521.5,970
521.55,970
521.6,970
521.65,970
521.7,970
521.75,970
521.8,970
521.85,970
521.9,970
521.95,970
522,970
522.05,970
522.1,970
522.15,970
522.2,970
522.25,970
522.3,970
522.35,970
522.4,970
522.45,970
522.5,970
522.55,970
522.6,970
522.65,970
522.7,970
522.75,970
522.8,970
522.85,970
522.9,970
522.95,970
523,970
523.05,970
523.1,970
523.15,970
523.2,970
523.25,970
523.3,970
523.35,970
523.4,970
523.45,970
523.5,970
523.55,970
523.6,970
523.65,970
523.7,970
523.75,970
523.8,970
523.85,970
523.9,970
523.95,970
524,970
524.05,970
524.1,970
524.15,970
524.2,970
524.25,970
524.3,970
524.35,970
524.4,970
524.45,970
524.5,970
524.55,970
524.6,970
524.65,970
524.7,970
524.75,970
524.8,970
524.85,970
524.9,970
524.95,970
525,970
525.05,970
525.1,970
525.15,970
525.2,970
525.25,970
525.3,970
525.35,970
525.4,970
525.45,970
525.5,970
525.55,970
525.6,970
525.65,970
525.7,970
525.75,970
525.8,970
525.85,970
525.9,970
525.95,970
526,970
526.05,970
526.1,970
526.15,970
526.2,970
526.25,970
526.3,970
526.35,970
526.4,970
526.45,970
526.5,970
526.55,970
526.6,970
526.65,970
526.7,970
526.75,970
526.8,970
526.85,970
526.9,970
526.95,970
527,970
527.05,970
527.1,970
527.15,970
527.2,970
527.25,970
527.3,970
527.35,970
527.4,970
527.45,970
527.5,970
527.55,970
527.6,970
527.65,970
527.7,970
527.75,970
527.8,970
527.85,970
527.9,970
527.95,970
528,970
528.05,970
528.1,970
528.15,970
528.2,970
528.25,970
528.3,970
528.35,970
528.4,970
528.45,970
528.5,970
528.55,970
528.6,970
528.65,970
528.7,970
528.75,970
528.8,970
528.85,970
528.9,970
528.95,970
529,970
529.05,970
529.1,970
529.15,970
529.2,970
529.25,970
529.3,970
529.35,970
529.4,970
529.45,970
529.5,970
529.55,970
529.6,970
529.65,970
529.7,970
529.75,970
529.8,970
529.85,970
529.9,970
529.95,970
530,970
530.05,970
530.1,970
530.15,970
530.2,970
530.25,970
530.3,970
530.35,970
530.4,970
530.45,970
530.5,970
530.55,970
530.6,970
530.65,970
530.7,970
530.75,970
530.8,970
530.85,970
530.9,970
530.95,970
531,970
531.05,970
531.1,970
531.15,970
531.2,970
531.25,970
531.3,970
531.35,970
531.4,970
531.45,970
531.5,970
531.55,970
531.6,970
531.65,970
531.7,970
531.75,970
531.8,970
531.85,970
531.9,970
531.95,970
532,970
532.05,970
532.1,970
532.15,970
532.2,970
532.25,970
532.3,970
532.35,970
532.4,970
532.45,970
532.5,970
532.55,970
532.6,970
532.65,970
532.7,970
532.75,970
532.8,970
532.85,970
532.9,970
532.95,970
533,970
533.05,970
533.1,970
533.15,970
533.2,970
533.25,970
533.3,970
533.35,970
533.4,970
533.45,970
533.5,970
533.55,970
533.6,970
533.65,970
533.7,970
533.75,970
533.8,970
533.85,970
533.9,970
533.95,970
534,970
534.05,970
534.1,970
534.15,970
534.2,970
534.25,970
534.3,970
534.35,970
534.4,970
534.45,970
534.5,970
534.55,970
534.6,970
534.65,970
534.7,970
534.75,970
534.8,970
534.85,970
534.9,970
534.95,970
535,970
535.05,970
535.1,970
535.15,970
535.2,970
535.25,970
535.3,970
535.35,970
535.4,970
535.45,970
535.5,970
535.55,970
535.6,970
535.65,970
535.7,970
535.75,970
535.8,970
535.85,970
535.9,970
535.95,970
536,970
536.05,970
536.1,970
536.15,970
536.2,970
536.25,970
536.3,970
536.35,970
536.4,970
536.45,970
536.5,970
536.55,970
536.6,970
536.65,970
536.7,970
536.75,970
536.8,970
536.85,970
536.9,970
536.95,970
537,970
537.05,970
537.1,970
537.15,970
537.2,970
537.25,970
537.3,970
537.35,970
537.4,970
537.45,970
537.5,970
537.55,970
537.6,970
537.65,970
537.7,970
537.75,970
537.8,970
537.85,970
537.9,970
537.95,970
538,970
538.05,970
538.1,970
538.15,970
538.2,970
538.25,970
538.3,970
538.35,970
538.4,970
538.45,970
538.5,970
538.55,970
538.6,970
538.65,970
538.7,970
538.75,970
538.8,970
538.85,970
538.9,970
538.95,970
539,970
539.05,970
539.1,970
539.15,970
539.2,970
539.25,970
539.3,970
539.35,970
539.4,970
539.45,970
539.5,970
539.55,970
539.6,970
539.65,970
539.7,970
539.75,970
539.8,970
539.85,970
539.9,970
539.95,970
540,970
540.05,970
540.1,970
540.15,970
540.2,970
540.25,970
540.3,970
540.35,970
540.4,970
540.45,970
540.5,970
540.55,970
540.6,970
540.65,970
540.7,970
540.75,970
540.8,970
540.85,970
540.9,970
540.95,970
541,970
541.05,970
541.1,970
541.15,970
541.2,970
541.25,970
541.3,970
541.35,970
541.4,970
541.45,970
541.5,970
541.55,970
541.6,970
541.65,970
541.7,970
541.75,970
541.8,970
541.85,970
541.9,970
541.95,970
542,970
542.05,970
542.1,970
542.15,970
542.2,970
542.25,970
542.3,970
542.35,970
542.4,970
542.45,970
542.5,970
542.55,970
542.6,970
542.65,970
542.7,970
542.75,970
542.8,970
542.85,970
542.9,970
542.95,970
543,970
543.05,970
543.1,970
543.15,970
543.2,970
543.25,970
543.3,970
543.35,970
543.4,970
543.45,970
543.5,970
543.55,970
543.6,970
543.65,970
543.7,970
543.75,970
543.8,970
543.85,970
543.9,970
543.95,970
544,970
544.05,970
544.1,970
544.15,970
544.2,970
544.25,970
544.3,970
544.35,970
544.4,970
544.45,970
544.5,970
544.55,970
544.6,970
544.65,970
544.7,970
544.75,970
544.8,970
544.85,970
544.9,970
544.95,970
545,970
545.05,970
545.1,970
545.15,970
545.2,970
545.25,970
545.3,970
545.35,970
545.4,970
545.45,970
545.5,970
545.55,970
545.6,970
545.65,970
545.7,970
545.75,970
545.8,970
545.85,970
545.9,970
545.95,970
546,970
546.05,970
546.1,970
546.15,970
546.2,970
546.25,970
546.3,970
546.35,970
546.4,970
546.45,970
546.5,970
546.55,970
546.6,970
546.65,970
546.7,970
546.75,970
546.8,970
546.85,970
546.9,970
546.95,970
547,970
547.05,970
547.1,970
547.15,970
547.2,970
547.25,970
547.3,970
547.35,970
547.4,970
547.45,970
547.5,970
547.55,970
547.6,970
547.65,970
547.7,970
547.75,970
547.8,970
547.85,970
547.9,970
547.95,970
548,970
548.05,970
548.1,970
548.15,970
548.2,970
548.25,970
548.3,970
548.35,970
548.4,970
548.45,970
548.5,970
548.55,970
548.6,970
548.65,970
548.7,970
548.75,970
548.8,970
548.85,970
548.9,970
548.95,970
549,970
549.05,970
549.1,970
549.15,970
549.2,970
549.25,970
549.3,970
549.35,970
549.4,970
549.45,970
549.5,970
549.55,970
549.6,970
549.65,970
549.7,970
549.75,970
549.8,970
549.85,970
549.9,970
549.95,970
550,970
550.05,970
550.1,970
550.15,970
550.2,970
550.25,970
550.3,970
550.35,970
550.4,970
550.45,970
550.5,970
550.55,970
550.6,970
550.65,970
550.7,970
550.75,970
550.8,970
550.85,970
550.9,970
550.95,970
551,970
551.05,970
551.1,970
551.15,970
551.2,970
551.25,970
551.3,970
551.35,970
551.4,970
551.45,970
551.5,970
551.55,970
551.6,970
551.65,970
551.7,970
551.75,970
551.8,970
551.85,970
551.9,970
551.95,970
552,970
552.05,970
552.1,970
552.15,970
552.2,970
552.25,970
552.3,970
552.35,970
552.4,970
552.45,970
552.5,970
552.55,970
552.6,970
552.65,970
552.7,970
552.75,970
552.8,970
552.85,970
552.9,970
552.95,970
553,970
553.05,970
553.1,970
553.15,970
553.2,970
553.25,970
553.3,970
553.35,970
553.4,970
553.45,970
553.5,970
553.55,970
553.6,970
553.65,970
553.7,970
553.75,970
553.8,970
553.85,970
553.9,970
553.95,970
554,970
554.05,970
554.1,970
554.15,970
554.2,970
554.25,970
554.3,970
554.35,970
554.4,970
554.45,970
554.5,970
554.55,970
554.6,970
554.65,970
554.7,970
554.75,970
554.8,970
554.85,970
554.9,970
554.95,970
555,970
555.05,970
555.1,970
555.15,970
555.2,970
555.25,970
555.3,970
555.35,970
555.4,970
555.45,970
555.5,970
555.55,970
555.6,970
555.65,970
555.7,970
555.75,970
555.8,970
555.85,970
555.9,970
555.95,970
556,970
556.05,970
556.1,970
556.15,970
556.2,970
556.25,970
556.3,970
556.35,970
556.4,970
556.45,970
556.5,970
556.55,970
556.6,970
556.65,970
556.7,970
556.75,970
556.8,970
556.85,970
556.9,970
556.95,970
557,970
557.05,970
557.1,970
557.15,970
557.2,970
557.25,970
557.3,970
557.35,970
557.4,970
557.45,970
557.5,970
557.55,970
557.6,970
557.65,970
557.7,970
557.75,970
557.8,970
557.85,970
557.9,970
557.95,970
558,970
558.05,970
558.1,970
558.15,970
558.2,970
558.25,970
558.3,970
558.35,970
558.4,970
558.45,970
558.5,970
558.55,970
558.6,970
558.65,970
558.7,970
558.75,970
558.8,970
558.85,970
558.9,970
558.95,970
559,970
559.05,970
559.1,970
559.15,970
559.2,970
559.25,970
559.3,970
559.35,970
559.4,970
559.45,970
559.5,970
559.55,970
559.6,970
559.65,970
559.7,970
559.75,970
559.8,970
559.85,970
559.9,970
559.95,970
560,970
560.05,970
560.1,970
560.15,970
560.2,970
560.25,970
560.3,970
560.35,970
560.4,970
560.45,970
560.5,970
560.55,970
560.6,970
560.65,970
560.7,970
560.75,970
560.8,970
560.85,970
560.9,970
560.95,970
561,970
561.05,970
561.1,970
561.15,970
561.2,970
561.25,970
561.3,970
561.35,970
561.4,970
561.45,970
561.5,970
561.55,970
561.6,970
561.65,970
561.7,970
561.75,970
561.8,970
561.85,970
561.9,970
561.95,970
562,970
562.05,970
562.1,970
562.15,970
562.2,970
562.25,970
562.3,970
562.35,970
562.4,970
562.45,970
562.5,970
562.55,970
562.6,970
562.65,970
562.7,970
562.75,970
562.8,970
562.85,970
562.9,970
562.95,970
563,970
563.05,970
563.1,970
563.15,970
563.2,970
563.25,970
563.3,970
563.35,970
563.4,970
563.45,970
563.5,970
563.55,970
563.6,970
563.65,970
563.7,970
563.75,970
563.8,970
563.85,970
563.9,970
563.95,970
564,970
564.05,970
564.1,970
564.15,970
564.2,970
564.25,970
564.3,970
564.35,970
564.4,970
564.45,970
564.5,970
564.55,970
564.6,970
564.65,970
564.7,970
564.75,970
564.8,970
564.85,970
564.9,970
564.95,970
565,970
565.05,970
565.1,970
565.15,970
565.2,970
565.25,970
565.3,970
565.35,970
565.4,970
565.45,970
565.5,970
565.55,970
565.6,970
565.65,970
565.7,970
565.75,970
565.8,970
565.85,970
565.9,970
565.95,970
566,970
566.05,970
566.1,970
566.15,970
566.2,970
566.25,970
566.3,970
566.35,970
566.4,970
566.45,970
566.5,970
566.55,970
566.6,970
566.65,970
566.7,970
566.75,970
566.8,970
566.85,970
566.9,970
566.95,970
567,970
567.05,970
567.1,970
567.15,970
567.2,970
567.25,970
567.3,970
567.35,970
567.4,970
567.45,970
567.5,970
567.55,970
567.6,970
567.65,970
567.7,970
567.75,970
567.8,970
567.85,970
567.9,970
567.95,970
568,970
568.05,970
568.1,970
568.15,970
568.2,970
568.25,970
568.3,970
568.35,970
568.4,970
568.45,970
568.5,970
568.55,970
568.6,970
568.65,970
568.7,970
568.75,970
568.8,970
568.85,970
568.9,970
568.95,970
569,970
569.05,970
569.1,970
569.15,970
569.2,970
569.25,970
569.3,970
569.35,970
569.4,970
569.45,970
569.5,970
569.55,970
569.6,970
569.65,970
569.7,970
569.75,970
569.8,970
569.85,970
569.9,970
569.95,970
570,970
570.05,970
570.1,970
570.15,970
570.2,970
570.25,970
570.3,970
570.35,970
570.4,970
570.45,970
570.5,970
570.55,970
570.6,970
570.65,970
570.7,970
570.75,970
570.8,970
570.85,970
570.9,970
570.95,970
571,970
571.05,970
571.1,970
571.15,970
571.2,970
571.25,970
571.3,970
571.35,970
571.4,970
571.45,970
571.5,970
571.55,970
571.6,970
571.65,970
571.7,970
571.75,970
571.8,970
571.85,970
571.9,970
571.95,970
572,970
572.05,970
572.1,970
572.15,970
572.2,970
572.25,970
572.3,970
572.35,970
572.4,970
572.45,970
572.5,970
572.55,970
572.6,970
572.65,970
572.7,970
572.75,970
572.8,970
572.85,970
572.9,970
572.95,970
573,970
573.05,970
573.1,970
573.15,970
573.2,970
573.25,970
573.3,970
573.35,970
573.4,970
573.45,970
573.5,970
573.55,970
573.6,970
573.65,970
573.7,970
573.75,970
573.8,970
573.85,970
573.9,970
573.95,970
574,970
574.05,970
574.1,970
574.15,970
574.2,970
574.25,970
574.3,970
574.35,970
574.4,970
574.45,970
574.5,970
574.55,970
574.6,970
574.65,970
574.7,970
574.75,970
574.8,970
574.85,970
574.9,970
574.95,970
575,970
575.05,970
575.1,970
575.15,970
575.2,970
575.25,970
575.3,970
575.35,970
575.4,970
575.45,970
575.5,970
575.55,970
575.6,970
575.65,970
575.7,970
575.75,970
575.8,970
575.85,970
575.9,970
575.95,970
576,970
576.05,970
576.1,970
576.15,970
576.2,970
576.25,970
576.3,970
576.35,970
576.4,970
576.45,970
576.5,970
576.55,970
576.6,970
576.65,970
576.7,970
576.75,970
576.8,970
576.85,970
576.9,970
576.95,970
577,970
577.05,970
577.1,970
577.15,970
577.2,970
577.25,970
577.3,970
577.35,970
577.4,970
577.45,970
577.5,970
577.55,970
577.6,970
577.65,970
577.7,970
577.75,970
577.8,970
577.85,970
577.9,970
577.95,970
578,970
578.05,970
578.1,970
578.15,970
578.2,970
578.25,970
578.3,970
578.35,970
578.4,970
578.45,970
578.5,970
578.55,970
578.6,970
578.65,970
578.7,970
578.75,970
578.8,970
578.85,970
578.9,970
578.95,970
579,970
579.05,970
579.1,970
579.15,970
579.2,970
579.25,970
579.3,970
579.35,970
579.4,970
579.45,970
579.5,970
579.55,970
579.6,970
579.65,970
579.7,970
579.75,970
579.8,970
579.85,970
579.9,970
579.95,970
580,970
580.05,970
580.1,970
580.15,970
580.2,970
580.25,970
580.3,970
580.35,970
580.4,970
580.45,970
580.5,970
580.55,970
580.6,970
580.65,970
580.7,970
580.75,970
580.8,970
580.85,970
580.9,970
580.95,970
581,970
581.05,970
581.1,970
581.15,970
581.2,970
581.25,970
581.3,970
581.35,970
581.4,970
581.45,970
581.5,970
581.55,970
581.6,970
581.65,970
581.7,970
581.75,970
581.8,970
581.85,970
581.9,970
581.95,970
582,970
582.05,970
582.1,970
582.15,970
582.2,970
582.25,970
582.3,970
582.35,970
582.4,970
582.45,970
582.5,970
582.55,970
582.6,970
582.65,970
582.7,970
582.75,970
582.8,970
582.85,970
582.9,970
582.95,970
583,970
583.05,970
583.1,970
583.15,970
583.2,970
583.25,970
583.3,970
583.35,970
583.4,970
583.45,970
583.5,970
583.55,970
583.6,970
583.65,970
583.7,970
583.75,970
583.8,970
583.85,970
583.9,970
583.95,970
584,970
584.05,970
584.1,970
584.15,970
584.2,970
584.25,970
584.3,970
584.35,970
584.4,970
584.45,970
584.5,970
584.55,970
584.6,970
584.65,970
584.7,970
584.75,970
584.8,970
584.85,970
584.9,970
584.95,970
585,970
585.05,970
585.1,970
585.15,970
585.2,970
585.25,970
585.3,970
585.35,970
585.4,970
585.45,970
585.5,970
585.55,970
585.6,970
585.65,970
585.7,970
585.75,970
585.8,970
585.85,970
585.9,970
585.95,970
586,970
586.05,970
586.1,970
586.15,970
586.2,970
586.25,970
586.3,970
586.35,970
586.4,970
586.45,970
586.5,970
586.55,970
586.6,970
586.65,970
586.7,970
586.75,970
586.8,970
586.85,970
586.9,970
586.95,970
587,970
587.05,970
587.1,970
587.15,970
587.2,970
587.25,970
587.3,970
587.35,970
587.4,970
587.45,970
587.5,970
587.55,970
587.6,970
587.65,970
587.7,970
587.75,970
587.8,970
587.85,970
587.9,970
587.95,970
588,970
588.05,970
588.1,970
588.15,970
588.2,970
588.25,970
588.3,970
588.35,970
588.4,970
588.45,970
588.5,970
588.55,970
588.6,970
588.65,970
588.7,970
588.75,970
588.8,970
588.85,970
588.9,970
588.95,970
589,970
589.05,970
589.1,970
589.15,970
589.2,970
589.25,970
589.3,970
589.35,970
589.4,970
589.45,970
589.5,970
589.55,970
589.6,970
589.65,970
589.7,970
589.75,970
589.8,970
589.85,970
589.9,970
589.95,970
590,970
590.05,970
590.1,970
590.15,970
590.2,970
590.25,970
590.3,970
590.35,970
590.4,970
590.45,970
590.5,970
590.55,970
590.6,970
590.65,970
590.7,970
590.75,970
590.8,970
590.85,970
590.9,970
590.95,970
591,970
591.05,970
591.1,970
591.15,970
591.2,970
591.25,970
591.3,970
591.35,970
591.4,970
591.45,970
591.5,970
591.55,970
591.6,970
591.65,970
591.7,970
591.75,970
591.8,970
591.85,970
591.9,970
591.95,970
592,970
592.05,970
592.1,970
592.15,970
592.2,970
592.25,970
592.3,970
592.35,970
592.4,970
592.45,970
592.5,970
592.55,970
592.6,970
592.65,970
592.7,970
592.75,970
592.8,970
592.85,970
592.9,970
592.95,970
593,970
593.05,970
593.1,970
593.15,970
593.2,970
593.25,970
593.3,970
593.35,970
593.4,970
593.45,970
593.5,970
593.55,970
593.6,970
593.65,970
593.7,970
593.75,970
593.8,970
593.85,970
593.9,970
593.95,970
594,970
594.05,970
594.1,970
594.15,970
594.2,970
594.25,970
594.3,970
594.35,970
594.4,970
594.45,970
594.5,970
594.55,970
594.6,970
594.65,970
594.7,970
594.75,970
594.8,970
594.85,970
594.9,970
594.95,970
595,970
595.05,970
595.1,970
595.15,970
595.2,970
595.25,970
595.3,970
595.35,970
595.4,970
595.45,970
595.5,970
595.55,970
595.6,970
595.65,970
595.7,970
595.75,970
595.8,970
595.85,970
595.9,970
595.95,970
596,970
596.05,970
596.1,970
596.15,970
596.2,970
596.25,970
596.3,970
596.35,970
596.4,970
596.45,970
596.5,970
596.55,970
596.6,970
596.65,970
596.7,970
596.75,970
596.8,970
596.85,970
596.9,970
596.95,970
597,970
597.05,970
597.1,970
597.15,970
597.2,970
597.25,970
597.3,970
597.35,970
597.4,970
597.45,970
597.5,970
597.55,970
597.6,970
597.65,970
597.7,970
597.75,970
597.8,970
597.85,970
597.9,970
597.95,970
598,970
598.05,970
598.1,970
598.15,970
598.2,970
598.25,970
598.3,970
598.35,970
598.4,970
598.45,970
598.5,970
598.55,970
598.6,970
598.65,970
598.7,970
598.75,970
598.8,970
598.85,970
598.9,970
598.95,970
599,970
599.05,970
599.1,970
599.15,970
599.2,970
599.25,970
599.3,970
599.35,970
599.4,970
599.45,970
599.5,970
599.55,970
599.6,970
599.65,970
599.7,970
599.75,970
599.8,970
599.85,970
599.9,970
599.95,970
600,970
600.05,970
600.1,970
600.15,970
600.2,970
600.25,970
600.3,970
600.35,970
600.4,970
600.45,970
600.5,970
600.55,970
600.6,970
600.65,970
600.7,970
600.75,970
600.8,970
600.85,970
600.9,970
600.95,970
601,970
601.05,970
601.1,970
601.15,970
601.2,970
601.25,970
601.3,970
601.35,970
601.4,970
601.45,970
601.5,970
601.55,970
601.6,970
601.65,970
601.7,970
601.75,970
601.8,970
601.85,970
601.9,970
601.95,970
602,970
602.05,970
602.1,970
602.15,970
602.2,970
602.25,970
602.3,970
602.35,970
602.4,970
602.45,970
602.5,970
602.55,970
602.6,970
602.65,970
602.7,970
602.75,970
602.8,970
602.85,970
602.9,970
602.95,970
603,970
603.05,970
603.1,970
603.15,970
603.2,970
603.25,970
603.3,970
603.35,970
603.4,970
603.45,970
603.5,970
603.55,970
603.6,970
603.65,970
603.7,970
603.75,970
603.8,970
603.85,970
603.9,970
603.95,970
604,970
604.05,970
604.1,970
604.15,970
604.2,970
604.25,970
604.3,970
604.35,970
604.4,970
604.45,970
604.5,970
604.55,970
604.6,970
604.65,970
604.7,970
604.75,970
604.8,970
604.85,970
604.9,970
604.95,970
605,970
605.05,970
605.1,970
605.15,970
605.2,970
605.25,970
605.3,970
605.35,970
605.4,970
605.45,970
605.5,970
605.55,970
605.6,970
605.65,970
605.7,970
605.75,970
605.8,970
605.85,970
605.9,970
605.95,970
606,970
606.05,970
606.1,970
606.15,970
606.2,970
606.25,970
606.3,970
606.35,970
606.4,970
606.45,970
606.5,970
606.55,970
606.6,970
606.65,970
606.7,970
606.75,970
606.8,970
606.85,970
606.9,970
606.95,970
607,970
607.05,970
607.1,970
607.15,970
607.2,970
607.25,970
607.3,970
607.35,970
607.4,970
607.45,970
607.5,970
607.55,970
607.6,970
607.65,970
607.7,970
607.75,970
607.8,970
607.85,970
607.9,970
607.95,970
608,970
608.05,970
608.1,970
608.15,970
608.2,970
608.25,970
608.3,970
608.35,970
608.4,970
608.45,970
608.5,970
608.55,970
608.6,970
608.65,970
608.7,970
608.75,970
608.8,970
608.85,970
608.9,970
608.95,970
609,970
609.05,970
609.1,970
609.15,970
609.2,970
609.25,970
609.3,970
609.35,970
609.4,970
609.45,970
609.5,970
609.55,970
609.6,970
609.65,970
609.7,970
609.75,970
609.8,970
609.85,970
609.9,970
609.95,970
610,970
610.05,970
610.1,970
610.15,970
610.2,970
610.25,970
610.3,970
610.35,970
610.4,970
610.45,970
610.5,970
610.55,970
610.6,970
610.65,970
610.7,970
610.75,970
610.8,970
610.85,970
610.9,970
610.95,970
611,970
611.05,970
611.1,970
611.15,970
611.2,970
611.25,970
611.3,970
611.35,970
611.4,970
611.45,970
611.5,970
611.55,970
611.6,970
611.65,970
611.7,970
611.75,970
611.8,970
611.85,970
611.9,970
611.95,970
612,970
612.05,970
612.1,970
612.15,970
612.2,970
612.25,970
612.3,970
612.35,970
612.4,970
612.45,970
612.5,970
612.55,970
612.6,970
612.65,970
612.7,970
612.75,970
612.8,970
612.85,970
612.9,970
612.95,970
613,970
613.05,970
613.1,970
613.15,970
613.2,970
613.25,970
613.3,970
613.35,970
613.4,970
613.45,970
613.5,970
613.55,970
613.6,970
613.65,970
613.7,970
613.75,970
613.8,970
613.85,970
613.9,970
613.95,970
614,970
614.05,970
614.1,970
614.15,970
614.2,970
614.25,970
614.3,970
614.35,970
614.4,970
614.45,970
614.5,970
614.55,970
614.6,970
614.65,970
614.7,970
614.75,970
614.8,970
614.85,970
614.9,970
614.95,970
615,970
615.05,970
615.1,970
615.15,970
615.2,970
615.25,970
615.3,970
615.35,970
615.4,970
615.45,970
615.5,970
615.55,970
615.6,970
615.65,970
615.7,970
615.75,970
615.8,970
615.85,970
615.9,970
615.95,970
616,970
616.05,970
616.1,970
616.15,970
616.2,970
616.25,970
616.3,970
616.35,970
616.4,970
616.45,970
616.5,970
616.55,970
616.6,970
616.65,970
616.7,970
616.75,970
616.8,970
616.85,970
616.9,970
616.95,970
617,970
617.05,970
617.1,970
617.15,970
617.2,970
617.25,970
617.3,970
617.35,970
617.4,970
617.45,970
617.5,970
617.55,970
617.6,970
617.65,970
617.7,970
617.75,970
617.8,970
617.85,970
617.9,970
617.95,970
618,970
618.05,970
618.1,970
618.15,970
618.2,970
618.25,970
618.3,970
618.35,970
618.4,970
618.45,970
618.5,970
618.55,970
618.6,970
618.65,970
618.7,970
618.75,970
618.8,970
618.85,970
618.9,970
618.95,970
619,970
619.05,970
619.1,970
619.15,970
619.2,970
619.25,970
619.3,970
619.35,970
619.4,970
619.45,970
619.5,970
619.55,970
619.6,970
619.65,970
619.7,970
619.75,970
619.8,970
619.85,970
619.9,970
619.95,970
620,970
620.05,970
620.1,970
620.15,970
620.2,970
620.25,970
620.3,970
620.35,970
620.4,970
620.45,970
620.5,970
620.55,970
620.6,970
620.65,970
620.7,970
620.75,970
620.8,970
620.85,970
620.9,970
620.95,970
621,970
621.05,970
621.1,970
621.15,970
621.2,970
621.25,970
621.3,970
621.35,970
621.4,970
621.45,970
621.5,970
621.55,970
621.6,970
621.65,970
621.7,970
621.75,970
621.8,970
621.85,970
621.9,970
621.95,970
622,970
622.05,970
622.1,970
622.15,970
622.2,970
622.25,970
622.3,970
622.35,970
622.4,970
622.45,970
622.5,970
622.55,970
622.6,970
622.65,970
622.7,970
622.75,970
622.8,970
622.85,970
622.9,970
622.95,970
623,970
623.05,970
623.1,970
623.15,970
623.2,970
623.25,970
623.3,970
623.35,970
623.4,970
623.45,970
623.5,970
623.55,970
623.6,970
623.65,970
623.7,970
623.75,970
623.8,970
623.85,970
623.9,970
623.95,970
624,970
624.05,970
624.1,970
624.15,970
624.2,970
624.25,970
624.3,970
624.35,970
624.4,970
624.45,970
624.5,970
624.55,970
624.6,970
624.65,970
624.7,970
624.75,970
624.8,970
624.85,970
624.9,970
624.95,970
625,970
625.05,970
625.1,970
625.15,970
625.2,970
625.25,970
625.3,970
625.35,970
625.4,970
625.45,970
625.5,970
625.55,970
625.6,970
625.65,970
625.7,970
625.75,970
625.8,970
625.85,970
625.9,970
625.95,970
626,970
626.05,970
626.1,970
626.15,970
626.2,970
626.25,970
626.3,970
626.35,970
626.4,970
626.45,970
626.5,970
626.55,970
626.6,970
626.65,970
626.7,970
626.75,970
626.8,970
626.85,970
626.9,970
626.95,970
627,970
627.05,970
627.1,970
627.15,970
627.2,970
627.25,970
627.3,970
627.35,970
627.4,970
627.45,970
627.5,970
627.55,970
627.6,970
627.65,970
627.7,970
627.75,970
627.8,970
627.85,970
627.9,970
627.95,970
628,970
628.05,970
628.1,970
628.15,970
628.2,970
628.25,970
628.3,970
628.35,970
628.4,970
628.45,970
628.5,970
628.55,970
628.6,970
628.65,970
628.7,970
628.75,970
628.8,970
628.85,970
628.9,970
628.95,970
629,970
629.05,970
629.1,970
629.15,970
629.2,970
629.25,970
629.3,970
629.35,970
629.4,970
629.45,970
629.5,970
629.55,970
629.6,970
629.65,970
629.7,970
629.75,970
629.8,970
629.85,970
629.9,970
629.95,970
630,970
630.05,970
630.1,970
630.15,970
630.2,970
630.25,970
630.3,970
630.35,970
630.4,970
630.45,970
630.5,970
630.55,970
630.6,970
630.65,970
630.7,970
630.75,970
630.8,970
630.85,970
630.9,970
630.95,970
631,970
631.05,970
631.1,970
631.15,970
631.2,970
631.25,970
631.3,970
631.35,970
631.4,970
631.45,970
631.5,970
631.55,970
631.6,970
631.65,970
631.7,970
631.75,970
631.8,970
631.85,970
631.9,970
631.95,970
632,970
632.05,970
632.1,970
632.15,970
632.2,970
632.25,970
632.3,970
632.35,970
632.4,970
632.45,970
632.5,970
632.55,970
632.6,970
632.65,970
632.7,970
632.75,970
632.8,970
632.85,970
632.9,970
632.95,970
633,970
633.05,970
633.1,970
633.15,970
633.2,970
633.25,970
633.3,970
633.35,970
633.4,970
633.45,970
633.5,970
633.55,970
633.6,970
633.65,970
633.7,970
633.75,970
633.8,970
633.85,970
633.9,970
633.95,970
634,970
634.05,970
634.1,970
634.15,970
634.2,970
634.25,970
634.3,970
634.35,970
634.4,970
634.45,970
634.5,970
634.55,970
634.6,970
634.65,970
634.7,970
634.75,970
634.8,970
634.85,970
634.9,970
634.95,970
635,970
635.05,970
635.1,970
635.15,970
635.2,970
635.25,970
635.3,970
635.35,970
635.4,970
635.45,970
635.5,970
635.55,970
635.6,970
635.65,970
635.7,970
635.75,970
635.8,970
635.85,970
635.9,970
635.95,970
636,970
636.05,970
636.1,970
636.15,970
636.2,970
636.25,970
636.3,970
636.35,970
636.4,970
636.45,970
636.5,970
636.55,970
636.6,970
636.65,970
636.7,970
636.75,970
636.8,970
636.85,970
636.9,970
636.95,970
637,970
637.05,970
637.1,970
637.15,970
637.2,970
637.25,970
637.3,970
637.35,970
637.4,970
637.45,970
637.5,970
637.55,970
637.6,970
637.65,970
637.7,970
637.75,970
637.8,970
637.85,970
637.9,970
637.95,970
638,970
638.05,970
638.1,970
638.15,970
638.2,970
638.25,970
638.3,970
638.35,970
638.4,970
638.45,970
638.5,970
638.55,970
638.6,970
638.65,970
638.7,970
638.75,970
638.8,970
638.85,970
638.9,970
638.95,970
639,970
639.05,970
639.1,970
639.15,970
639.2,970
639.25,970
639.3,970
639.35,970
639.4,970
639.45,970
639.5,970
639.55,970
639.6,970
639.65,970
639.7,970
639.75,970
639.8,970
639.85,970
639.9,970
639.95,970
640,970
640.05,970
640.1,970
640.15,970
640.2,970
640.25,970
640.3,970
640.35,970
640.4,970
640.45,970
640.5,970
640.55,970
640.6,970
640.65,970
640.7,970
640.75,970
640.8,970
640.85,970
640.9,970
640.95,970
641,970
641.05,970
641.1,970
641.15,970
641.2,970
641.25,970
641.3,970
641.35,970
641.4,970
641.45,970
641.5,970
641.55,970
641.6,970
641.65,970
641.7,970
641.75,970
641.8,970
641.85,970
641.9,970
641.95,970
642,970
642.05,970
642.1,970
642.15,970
642.2,970
642.25,970
642.3,970
642.35,970
642.4,970
642.45,970
642.5,970
642.55,970
642.6,970
642.65,970
642.7,970
642.75,970
642.8,970
642.85,970
642.9,970
642.95,970
643,970
643.05,970
643.1,970
643.15,970
643.2,970
643.25,970
643.3,970
643.35,970
643.4,970
643.45,970
643.5,970
643.55,970
643.6,970
643.65,970
643.7,970
643.75,970
643.8,970
643.85,970
643.9,970
643.95,970
644,970
644.05,970
644.1,970
644.15,970
644.2,970
644.25,970
644.3,970
644.35,970
644.4,970
644.45,970
644.5,970
644.55,970
644.6,970
644.65,970
644.7,970
644.75,970
644.8,970
644.85,970
644.9,970
644.95,970
645,970
645.05,970
645.1,970
645.15,970
645.2,970
645.25,970
645.3,970
645.35,970
645.4,970
645.45,970
645.5,970
645.55,970
645.6,970
645.65,970
645.7,970
645.75,970
645.8,970
645.85,970
645.9,970
645.95,970
646,970
646.05,970
646.1,970
646.15,970
646.2,970
646.25,970
646.3,970
646.35,970
646.4,970
646.45,970
646.5,970
646.55,970
646.6,970
646.65,970
646.7,970
646.75,970
646.8,970
646.85,970
646.9,970
646.95,970
647,970
647.05,970
647.1,970
647.15,970
647.2,970
647.25,970
647.3,970
647.35,970
647.4,970
647.45,970
647.5,970
647.55,970
647.6,970
647.65,970
647.7,970
647.75,970
647.8,970
647.85,970
647.9,970
647.95,970
648,970
648.05,970
648.1,970
648.15,970
648.2,970
648.25,970
648.3,970
648.35,970
648.4,970
648.45,970
648.5,970
648.55,970
648.6,970
648.65,970
648.7,970
648.75,970
648.8,970
648.85,970
648.9,970
648.95,970
649,970
649.05,970
649.1,970
649.15,970
649.2,970
649.25,970
649.3,970
649.35,970
649.4,970
649.45,970
649.5,970
649.55,970
649.6,970
649.65,970
649.7,970
649.75,970
649.8,970
649.85,970
649.9,970
649.95,970
650,970
650.05,970
650.1,970
650.15,970
650.2,970
650.25,970
650.3,970
650.35,970
650.4,970
650.45,970
650.5,970
650.55,970
650.6,970
650.65,970
650.7,970
650.75,970
650.8,970
650.85,970
650.9,970
650.95,970
651,970
651.05,970
651.1,970
651.15,970
651.2,970
651.25,970
651.3,970
651.35,970
651.4,970
651.45,970
651.5,970
651.55,970
651.6,970
651.65,970
651.7,970
651.75,970
651.8,970
651.85,970
651.9,970
651.95,970
652,970
652.05,970
652.1,970
652.15,970
652.2,970
652.25,970
652.3,970
652.35,970
652.4,970
652.45,970
652.5,970
652.55,970
652.6,970
652.65,970
652.7,970
652.75,970
652.8,970
652.85,970
652.9,970
652.95,970
653,970
653.05,970
653.1,970
653.15,970
653.2,970
653.25,970
653.3,970
653.35,970
653.4,970
653.45,970
653.5,970
653.55,970
653.6,970
653.65,970
653.7,970
653.75,970
653.8,970
653.85,970
653.9,970
653.95,970
654,970
654.05,970
654.1,970
654.15,970
654.2,970
654.25,970
654.3,970
654.35,970
654.4,970
654.45,970
654.5,970
654.55,970
654.6,970
654.65,970
654.7,970
654.75,970
654.8,970
654.85,970
654.9,970
654.95,970
655,970
655.05,970
655.1,970
655.15,970
655.2,970
655.25,970
655.3,970
655.35,970
655.4,970
655.45,970
655.5,970
655.55,970
655.6,970
655.65,970
655.7,970
655.75,970
655.8,970
655.85,970
655.9,970
655.95,970
656,970
656.05,970
656.1,970
656.15,970
656.2,970
656.25,970
656.3,970
656.35,970
656.4,970
656.45,970
656.5,970
656.55,970
656.6,970
656.65,970
656.7,970
656.75,970
656.8,970
656.85,970
656.9,970
656.95,970
657,970
657.05,970
657.1,970
657.15,970
657.2,970
657.25,970
657.3,970
657.35,970
657.4,970
657.45,970
657.5,970
657.55,970
657.6,970
657.65,970
657.7,970
657.75,970
657.8,970
657.85,970
657.9,970
657.95,970
658,970
658.05,970
658.1,970
658.15,970
658.2,970
658.25,970
658.3,970
658.35,970
658.4,970
658.45,970
658.5,970
658.55,970
658.6,970
658.65,970
658.7,970
658.75,970
658.8,970
658.85,970
658.9,970
658.95,970
659,970
659.05,970
659.1,970
659.15,970
659.2,970
659.25,970
659.3,970
659.35,970
659.4,970
659.45,970
659.5,970
659.55,970
659.6,970
659.65,970
659.7,970
659.75,970
659.8,970
659.85,970
659.9,970
659.95,970
660,970
660.05,970
660.1,970
660.15,970
660.2,970
660.25,970
660.3,970
660.35,970
660.4,970
660.45,970
660.5,970
660.55,970
660.6,970
660.65,970
660.7,970
660.75,970
660.8,970
660.85,970
660.9,970
660.95,970
661,970
661.05,970
661.1,970
661.15,970
661.2,970
661.25,970
661.3,970
661.35,970
661.4,970
661.45,970
661.5,970
661.55,970
661.6,970
661.65,970
661.7,970
661.75,970
661.8,970
661.85,970
661.9,970
661.95,970
662,970
662.05,970
662.1,970
662.15,970
662.2,970
662.25,970
662.3,970
662.35,970
662.4,970
662.45,970
662.5,970
662.55,970
662.6,970
662.65,970
662.7,970
662.75,970
662.8,970
662.85,970
662.9,970
662.95,970
663,970
663.05,970
663.1,970
663.15,970
663.2,970
663.25,970
663.3,970
663.35,970
663.4,970
663.45,970
663.5,970
663.55,970
663.6,970
663.65,970
663.7,970
663.75,970
663.8,970
663.85,970
663.9,970
663.95,970
664,970
664.05,970
664.1,970
664.15,970
664.2,970
664.25,970
664.3,970
664.35,970
664.4,970
664.45,970
664.5,970
664.55,970
664.6,970
664.65,970
664.7,970
664.75,970
664.8,970
664.85,970
664.9,970
664.95,970
665,970
665.05,970
665.1,970
665.15,970
665.2,970
665.25,970
665.3,970
665.35,970
665.4,970
665.45,970
665.5,970
665.55,970
665.6,970
665.65,970
665.7,970
665.75,970
665.8,970
665.85,970
665.9,970
665.95,970
666,970
666.05,970
666.1,970
666.15,970
666.2,970
666.25,970
666.3,970
666.35,970
666.4,970
666.45,970
666.5,970
666.55,970
666.6,970
666.65,970
666.7,970
666.75,970
666.8,970
666.85,970
666.9,970
666.95,970
667,970
667.05,970
667.1,970
667.15,970
667.2,970
667.25,970
667.3,970
667.35,970
667.4,970
667.45,970
667.5,970
667.55,970
667.6,970
667.65,970
667.7,970
667.75,970
667.8,970
667.85,970
667.9,970
667.95,970
668,970
668.05,970
668.1,970
668.15,970
668.2,970
668.25,970
668.3,970
668.35,970
668.4,970
668.45,970
668.5,970
668.55,970
668.6,970
668.65,970
668.7,970
668.75,970
668.8,970
668.85,970
668.9,970
668.95,970
669,970
669.05,970
669.1,970
669.15,970
669.2,970
669.25,970
669.3,970
669.35,970
669.4,970
669.45,970
669.5,970
669.55,970
669.6,970
669.65,970
669.7,970
669.75,970
669.8,970
669.85,970
669.9,970
669.95,970
670,970
670.05,970
670.1,970
670.15,970
670.2,970
670.25,970
670.3,970
670.35,970
670.4,970
670.45,970
670.5,970
670.55,970
670.6,970
670.65,970
670.7,970
670.75,970
670.8,970
670.85,970
670.9,970
670.95,970
671,970
671.05,970
671.1,970
671.15,970
671.2,970
671.25,970
671.3,970
671.35,970
671.4,970
671.45,970
671.5,970
671.55,970
671.6,970
671.65,970
671.7,970
671.75,970
671.8,970
671.85,970
671.9,970
671.95,970
672,970
672.05,970
672.1,970
672.15,970
672.2,970
672.25,970
672.3,970
672.35,970
672.4,970
672.45,970
672.5,970
672.55,970
672.6,970
672.65,970
672.7,970
672.75,970
672.8,970
672.85,970
672.9,970
672.95,970
673,970
673.05,970
673.1,970
673.15,970
673.2,970
673.25,970
673.3,970
673.35,970
673.4,970
673.45,970
673.5,970
673.55,970
673.6,970
673.65,970
673.7,970
673.75,970
673.8,970
673.85,970
673.9,970
673.95,970
674,970
674.05,970
674.1,970
674.15,970
674.2,970
674.25,970
674.3,970
674.35,970
674.4,970
674.45,970
674.5,970
674.55,970
674.6,970
674.65,970
674.7,970
674.75,970
674.8,970
674.85,970
674.9,970
674.95,970
675,970
675.05,970
675.1,970
675.15,970
675.2,970
675.25,970
675.3,970
675.35,970
675.4,970
675.45,970
675.5,970
675.55,970
675.6,970
675.65,970
675.7,970
675.75,970
675.8,970
675.85,970
675.9,970
675.95,970
676,970
676.05,970
676.1,970
676.15,970
676.2,970
676.25,970
676.3,970
676.35,970
676.4,970
676.45,970
676.5,970
676.55,970
676.6,970
676.65,970
676.7,970
676.75,970
676.8,970
676.85,970
676.9,970
676.95,970
677,970
677.05,970
677.1,970
677.15,970
677.2,970
677.25,970
677.3,970
677.35,970
677.4,970
677.45,970
677.5,970
677.55,970
677.6,970
677.65,970
677.7,970
677.75,970
677.8,970
677.85,970
677.9,970
677.95,970
678,970
678.05,970
678.1,970
678.15,970
678.2,970
678.25,970
678.3,970
678.35,970
678.4,970
678.45,970
678.5,970
678.55,970
678.6,970
678.65,970
678.7,970
678.75,970
678.8,970
678.85,970
678.9,970
678.95,970
679,970
679.05,970
679.1,970
679.15,970
679.2,970
679.25,970
679.3,970
679.35,970
679.4,970
679.45,970
679.5,970
679.55,970
679.6,970
679.65,970
679.7,970
679.75,970
679.8,970
679.85,970
679.9,970
679.95,970
680,970
680.05,970
680.1,970
680.15,970
680.2,970
680.25,970
680.3,970
680.35,970
680.4,970
680.45,970
680.5,970
680.55,970
680.6,970
680.65,970
680.7,970
680.75,970
680.8,970
680.85,970
680.9,970
680.95,970
681,970
681.05,970
681.1,970
681.15,970
681.2,970
681.25,970
681.3,970
681.35,970
681.4,970
681.45,970
681.5,970
681.55,970
681.6,970
681.65,970
681.7,970
681.75,970
681.8,970
681.85,970
681.9,970
681.95,970
682,970
682.05,970
682.1,970
682.15,970
682.2,970
682.25,970
682.3,970
682.35,970
682.4,970
682.45,970
682.5,970
682.55,970
682.6,970
682.65,970
682.7,970
682.75,970
682.8,970
682.85,970
682.9,970
682.95,970
683,970
683.05,970
683.1,970
683.15,970
683.2,970
683.25,970
683.3,970
683.35,970
683.4,970
683.45,970
683.5,970
683.55,970
683.6,970
683.65,970
683.7,970
683.75,970
683.8,970
683.85,970
683.9,970
683.95,970
684,970
684.05,970
684.1,970
684.15,970
684.2,970
684.25,970
684.3,970
684.35,970
684.4,970
684.45,970
684.5,970
684.55,970
684.6,970
684.65,970
684.7,970
684.75,970
684.8,970
684.85,970
684.9,970
684.95,970
685,970
685.05,970
685.1,970
685.15,970
685.2,970
685.25,970
685.3,970
685.35,970
685.4,970
685.45,970
685.5,970
685.55,970
685.6,970
685.65,970
685.7,970
685.75,970
685.8,970
685.85,970
685.9,970
685.95,970
686,970
686.05,970
686.1,970
686.15,970
686.2,970
686.25,970
686.3,970
686.35,970
686.4,970
686.45,970
686.5,970
686.55,970
686.6,970
686.65,970
686.7,970
686.75,970
686.8,970
686.85,970
686.9,970
686.95,970
687,970
687.05,970
687.1,970
687.15,970
687.2,970
687.25,970
687.3,970
687.35,970
687.4,970
687.45,970
687.5,970
687.55,970
687.6,970
687.65,970
687.7,970
687.75,970
687.8,970
687.85,970
687.9,970
687.95,970
688,970
688.05,970
688.1,970
688.15,970
688.2,970
688.25,970
688.3,970
688.35,970
688.4,970
688.45,970
688.5,970
688.55,970
688.6,970
688.65,970
688.7,970
688.75,970
688.8,970
688.85,970
688.9,970
688.95,970
689,970
689.05,970
689.1,970
689.15,970
689.2,970
689.25,970
689.3,970
689.35,970
689.4,970
689.45,970
689.5,970
689.55,970
689.6,970
689.65,970
689.7,970
689.75,970
689.8,970
689.85,970
689.9,970
689.95,970
690,970
690.05,970
690.1,970
690.15,970
690.2,970
690.25,970
690.3,970
690.35,970
690.4,970
690.45,970
690.5,970
690.55,970
690.6,970
690.65,970
690.7,970
690.75,970
690.8,970
690.85,970
690.9,970
690.95,970
691,970
691.05,970
691.1,970
691.15,970
691.2,970
691.25,970
691.3,970
691.35,970
691.4,970
691.45,970
691.5,970
691.55,970
691.6,970
691.65,970
691.7,970
691.75,970
691.8,970
691.85,970
691.9,970
691.95,970
692,970
692.05,970
692.1,970
692.15,970
692.2,970
692.25,970
692.3,970
692.35,970
692.4,970
692.45,970
692.5,970
692.55,970
692.6,970
692.65,970
692.7,970
692.75,970
692.8,970
692.85,970
692.9,970
692.95,970
693,970
693.05,970
693.1,970
693.15,970
693.2,970
693.25,970
693.3,970
693.35,970
693.4,970
693.45,970
693.5,970
693.55,970
693.6,970
693.65,970
693.7,970
693.75,970
693.8,970
693.85,970
693.9,970
693.95,970
694,970
694.05,970
694.1,970
694.15,970
694.2,970
694.25,970
694.3,970
694.35,970
694.4,970
694.45,970
694.5,970
694.55,970
694.6,970
694.65,970
694.7,970
694.75,970
694.8,970
694.85,970
694.9,970
694.95,970
695,970
695.05,970
695.1,970
695.15,970
695.2,970
695.25,970
695.3,970
695.35,970
695.4,970
695.45,970
695.5,970
695.55,970
695.6,970
695.65,970
695.7,970
695.75,970
695.8,970
695.85,970
695.9,970
695.95,970
696,970
696.05,970
696.1,970
696.15,970
696.2,970
696.25,970
696.3,970
696.35,970
696.4,970
696.45,970
696.5,970
696.55,970
696.6,970
696.65,970
696.7,970
696.75,970
696.8,970
696.85,970
696.9,970
696.95,970
697,970
697.05,970
697.1,970
697.15,970
697.2,970
697.25,970
697.3,970
697.35,970
697.4,970
697.45,970
697.5,970
697.55,970
697.6,970
697.65,970
697.7,970
697.75,970
697.8,970
697.85,970
697.9,970
697.95,970
698,970
698.05,970
698.1,970
698.15,970
698.2,970
698.25,970
698.3,970
698.35,970
698.4,970
698.45,970
698.5,970
698.55,970
698.6,970
698.65,970
698.7,970
698.75,970
698.8,970
698.85,970
698.9,970
698.95,970
699,970
699.05,970
699.1,970
699.15,970
699.2,970
699.25,970
699.3,970
699.35,970
699.4,970
699.45,970
699.5,970
699.55,970
699.6,970
699.65,970
699.7,970
699.75,970
699.8,970
699.85,970
699.9,970
699.95,970
700,970
700.05,970
700.1,970
700.15,970
700.2,970
700.25,970
700.3,970
700.35,970
700.4,970
700.45,970
700.5,970
700.55,970
700.6,970
700.65,970
700.7,970
700.75,970
700.8,970
700.85,970
700.9,970
700.95,970
701,970
701.05,970
701.1,970
701.15,970
701.2,970
701.25,970
701.3,970
701.35,970
701.4,970
701.45,970
701.5,970
701.55,970
701.6,970
701.65,970
701.7,970
701.75,970
701.8,970
701.85,970
701.9,970
701.95,970
702,970
702.05,970
702.1,970
702.15,970
702.2,970
702.25,970
702.3,970
702.35,970
702.4,970
702.45,970
702.5,970
702.55,970
702.6,970
702.65,970
702.7,970
702.75,970
702.8,970
702.85,970
702.9,970
702.95,970
703,970
703.05,970
703.1,970
703.15,970
703.2,970
703.25,970
703.3,970
703.35,970
703.4,970
703.45,970
703.5,970
703.55,970
703.6,970
703.65,970
703.7,970
703.75,970
703.8,970
703.85,970
703.9,970
703.95,970
704,970
704.05,970
704.1,970
704.15,970
704.2,970
704.25,970
704.3,970
704.35,970
704.4,970
704.45,970
704.5,970
704.55,970
704.6,970
704.65,970
704.7,970
704.75,970
704.8,970
704.85,970
704.9,970
704.95,970
705,970
705.05,970
705.1,970
705.15,970
705.2,970
705.25,970
705.3,970
705.35,970
705.4,970
705.45,970
705.5,970
705.55,970
705.6,970
705.65,970
705.7,970
705.75,970
705.8,970
705.85,970
705.9,970
705.95,970
706,970
706.05,970
706.1,970
706.15,970
706.2,970
706.25,970
706.3,970
706.35,970
706.4,970
706.45,970
706.5,970
706.55,970
706.6,970
706.65,970
706.7,970
706.75,970
706.8,970
706.85,970
706.9,970
706.95,970
707,970
707.05,970
707.1,970
707.15,970
707.2,970
707.25,970
707.3,970
707.35,970
707.4,970
707.45,970
707.5,970
707.55,970
707.6,970
707.65,970
707.7,970
707.75,970
707.8,970
707.85,970
707.9,970
707.95,970
708,970
708.05,970
708.1,970
708.15,970
708.2,970
708.25,970
708.3,970
708.35,970
708.4,970
708.45,970
708.5,970
708.55,970
708.6,970
708.65,970
708.7,970
708.75,970
708.8,970
708.85,970
708.9,970
708.95,970
709,970
709.05,970
709.1,970
709.15,970
709.2,970
709.25,970
709.3,970
709.35,970
709.4,970
709.45,970
709.5,970
709.55,970
709.6,970
709.65,970
709.7,970
709.75,970
709.8,970
709.85,970
709.9,970
709.95,970
710,970
710.05,970
710.1,970
710.15,970
710.2,970
710.25,970
710.3,970
710.35,970
710.4,970
710.45,970
710.5,970
710.55,970
710.6,970
710.65,970
710.7,970
710.75,970
710.8,970
710.85,970
710.9,970
710.95,970
711,970
711.05,970
711.1,970
711.15,970
711.2,970
711.25,970
711.3,970
711.35,970
711.4,970
711.45,970
711.5,970
711.55,970
711.6,970
711.65,970
711.7,970
711.75,970
711.8,970
711.85,970
711.9,970
711.95,970
712,970
712.05,970
712.1,970
712.15,970
712.2,970
712.25,970
712.3,970
712.35,970
712.4,970
712.45,970
712.5,970
712.55,970
712.6,970
712.65,970
712.7,970
712.75,970
712.8,970
712.85,970
712.9,970
712.95,970
713,970
713.05,970
713.1,970
713.15,970
713.2,970
713.25,970
713.3,970
713.35,970
713.4,970
713.45,970
713.5,970
713.55,970
713.6,970
713.65,970
713.7,970
713.75,970
713.8,970
713.85,970
713.9,970
713.95,970
714,970
714.05,970
714.1,970
714.15,970
714.2,970
714.25,970
714.3,970
714.35,970
714.4,970
714.45,970
714.5,970
714.55,970
714.6,970
714.65,970
714.7,970
714.75,970
714.8,970
714.85,970
714.9,970
714.95,970
715,970
715.05,970
715.1,970
715.15,970
715.2,970
715.25,970
715.3,970
715.35,970
715.4,970
715.45,970
715.5,970
715.55,970
715.6,970
715.65,970
715.7,970
715.75,970
715.8,970
715.85,970
715.9,970
715.95,970
716,970
716.05,970
716.1,970
716.15,970
716.2,970
716.25,970
716.3,970
716.35,970
716.4,970
716.45,970
716.5,970
716.55,970
716.6,970
716.65,970
716.7,970
716.75,970
716.8,970
716.85,970
716.9,970
716.95,970
717,970
717.05,970
717.1,970
717.15,970
717.2,970
717.25,970
717.3,970
717.35,970
717.4,970
717.45,970
717.5,970
717.55,970
717.6,970
717.65,970
717.7,970
717.75,970
717.8,970
717.85,970
717.9,970
717.95,970
718,970
718.05,970
718.1,970
718.15,970
718.2,970
718.25,970
718.3,970
718.35,970
718.4,970
718.45,970
718.5,970
718.55,970
718.6,970
718.65,970
718.7,970
718.75,970
718.8,970
718.85,970
718.9,970
718.95,970
719,970
719.05,970
719.1,970
719.15,970
719.2,970
719.25,970
719.3,970
719.35,970
719.4,970
719.45,970
719.5,970
719.55,970
719.6,970
719.65,970
719.7,970
719.75,970
719.8,970
719.85,970
719.9,970
719.95,970
720,970
720.05,970
720.1,970
720.15,970
720.2,970
720.25,970
720.3,970
720.35,970
720.4,970
720.45,970
720.5,970
720.55,970
720.6,970
720.65,970
720.7,970
720.75,970
720.8,970
720.85,970
720.9,970
720.95,970
721,970
721.05,970
721.1,970
721.15,970
721.2,970
721.25,970
721.3,970
721.35,970
721.4,970
721.45,970
721.5,970
721.55,970
721.6,970
721.65,970
721.7,970
721.75,970
721.8,970
721.85,970
721.9,970
721.95,970
722,970
722.05,970
722.1,970
722.15,970
722.2,970
722.25,970
722.3,970
722.35,970
722.4,970
722.45,970
722.5,970
722.55,970
722.6,970
722.65,970
722.7,970
722.75,970
722.8,970
722.85,970
722.9,970
722.95,970
723,970
723.05,970
723.1,970
723.15,970
723.2,970
723.25,970
723.3,970
723.35,970
723.4,970
723.45,970
723.5,970
723.55,970
723.6,970
723.65,970
723.7,970
723.75,970
723.8,970
723.85,970
723.9,970
723.95,970
724,970
724.05,970
724.1,970
724.15,970
724.2,970
724.25,970
724.3,970
724.35,970
724.4,970
724.45,970
724.5,970
724.55,970
724.6,970
724.65,970
724.7,970
724.75,970
724.8,970
724.85,970
724.9,970
724.95,970
725,970
725.05,970
725.1,970
725.15,970
725.2,970
725.25,970
725.3,970
725.35,970
725.4,970
725.45,970
725.5,970
725.55,970
725.6,970
725.65,970
725.7,970
725.75,970
725.8,970
725.85,970
725.9,970
725.95,970
726,970
726.05,970
726.1,970
726.15,970
726.2,970
726.25,970
726.3,970
726.35,970
726.4,970
726.45,970
726.5,970
726.55,970
726.6,970
726.65,970
726.7,970
726.75,970
726.8,970
726.85,970
726.9,970
726.95,970
727,970
727.05,970
727.1,970
727.15,970
727.2,970
727.25,970
727.3,970
727.35,970
727.4,970
727.45,970
727.5,970
727.55,970
727.6,970
727.65,970
727.7,970
727.75,970
727.8,970
727.85,970
727.9,970
727.95,970
728,970
728.05,970
728.1,970
728.15,970
728.2,970
728.25,970
728.3,970
728.35,970
728.4,970
728.45,970
728.5,970
728.55,970
728.6,970
728.65,970
728.7,970
728.75,970
728.8,970
728.85,970
728.9,970
728.95,970
729,970
729.05,970
729.1,970
729.15,970
729.2,970
729.25,970
729.3,970
729.35,970
729.4,970
729.45,970
729.5,970
729.55,970
729.6,970
729.65,970
729.7,970
729.75,970
729.8,970
729.85,970
729.9,970
729.95,970
730,970
730.05,970
730.1,970
730.15,970
730.2,970
730.25,970
730.3,970
730.35,970
730.4,970
730.45,970
730.5,970
730.55,970
730.6,970
730.65,970
730.7,970
730.75,970
730.8,970
730.85,970
730.9,970
730.95,970
731,970
731.05,970
731.1,970
731.15,970
731.2,970
731.25,970
731.3,970
731.35,970
731.4,970
731.45,970
731.5,970
731.55,970
731.6,970
731.65,970
731.7,970
731.75,970
731.8,970
731.85,970
731.9,970
731.95,970
732,970
732.05,970
732.1,970
732.15,970
732.2,970
732.25,970
732.3,970
732.35,970
732.4,970
732.45,970
732.5,970
732.55,970
732.6,970
732.65,970
732.7,970
732.75,970
732.8,970
732.85,970
732.9,970
732.95,970
733,970
733.05,970
733.1,970
733.15,970
733.2,970
733.25,970
733.3,970
733.35,970
733.4,970
733.45,970
733.5,970
733.55,970
733.6,970
733.65,970
733.7,970
733.75,970
733.8,970
733.85,970
733.9,970
733.95,970
734,970
734.05,970
734.1,970
734.15,970
734.2,970
734.25,970
734.3,970
734.35,970
734.4,970
734.45,970
734.5,970
734.55,970
734.6,970
734.65,970
734.7,970
734.75,970
734.8,970
734.85,970
734.9,970
734.95,970
735,970
735.05,970
735.1,970
735.15,970
735.2,970
735.25,970
735.3,970
735.35,970
735.4,970
735.45,970
735.5,970
735.55,970
735.6,970
735.65,970
735.7,970
735.75,970
735.8,970
735.85,970
735.9,970
735.95,970
736,970
736.05,970
736.1,970
736.15,970
736.2,970
736.25,970
736.3,970
736.35,970
736.4,970
736.45,970
736.5,970
736.55,970
736.6,970
736.65,970
736.7,970
736.75,970
736.8,970
736.85,970
736.9,970
736.95,970
737,970
737.05,970
737.1,970
737.15,970
737.2,970
737.25,970
737.3,970
737.35,970
737.4,970
737.45,970
737.5,970
737.55,970
737.6,970
737.65,970
737.7,970
737.75,970
737.8,970
737.85,970
737.9,970
737.95,970
738,970
738.05,970
738.1,970
738.15,970
738.2,970
738.25,970
738.3,970
738.35,970
738.4,970
738.45,970
738.5,970
738.55,970
738.6,970
738.65,970
738.7,970
738.75,970
738.8,970
738.85,970
738.9,970
738.95,970
739,970
739.05,970
739.1,970
739.15,970
739.2,970
739.25,970
739.3,970
739.35,970
739.4,970
739.45,970
739.5,970
739.55,970
739.6,970
739.65,970
739.7,970
739.75,970
739.8,970
739.85,970
739.9,970
739.95,970
740,970
740.05,970
740.1,970
740.15,970
740.2,970
740.25,970
740.3,970
740.35,970
740.4,970
740.45,970
740.5,970
740.55,970
740.6,970
740.65,970
740.7,970
740.75,970
740.8,970
740.85,970
740.9,970
740.95,970
741,970
741.05,970
741.1,970
741.15,970
741.2,970
741.25,970
741.3,970
741.35,970
741.4,970
741.45,970
741.5,970
741.55,970
741.6,970
741.65,970
741.7,970
741.75,970
741.8,970
741.85,970
741.9,970
741.95,970
742,970
742.05,970
742.1,970
742.15,970
742.2,970
742.25,970
742.3,970
742.35,970
742.4,970
742.45,970
742.5,970
742.55,970
742.6,970
742.65,970
742.7,970
742.75,970
742.8,970
742.85,970
742.9,970
742.95,970
743,970
743.05,970
743.1,970
743.15,970
743.2,970
743.25,970
743.3,970
743.35,970
743.4,970
743.45,970
743.5,970
743.55,970
743.6,970
743.65,970
743.7,970
743.75,970
743.8,970
743.85,970
743.9,970
743.95,970
744,970
744.05,970
744.1,970
744.15,970
744.2,970
744.25,970
744.3,970
744.35,970
744.4,970
744.45,970
744.5,970
744.55,970
744.6,970
744.65,970
744.7,970
744.75,970
744.8,970
744.85,970
744.9,970
744.95,970
745,970
745.05,970
745.1,970
745.15,970
745.2,970
745.25,970
745.3,970
745.35,970
745.4,970
745.45,970
745.5,970
745.55,970
745.6,970
745.65,970
745.7,970
745.75,970
745.8,970
745.85,970
745.9,970
745.95,970
746,970
746.05,970
746.1,970
746.15,970
746.2,970
746.25,970
746.3,970
746.35,970
746.4,970
746.45,970
746.5,970
746.55,970
746.6,970
746.65,970
746.7,970
746.75,970
746.8,970
746.85,970
746.9,970
746.95,970
747,970
747.05,970
747.1,970
747.15,970
747.2,970
747.25,970
747.3,970
747.35,970
747.4,970
747.45,970
747.5,970
747.55,970
747.6,970
747.65,970
747.7,970
747.75,970
747.8,970
747.85,970
747.9,970
747.95,970
748,970
748.05,970
748.1,970
748.15,970
748.2,970
748.25,970
748.3,970
748.35,970
748.4,970
748.45,970
748.5,970
748.55,970
748.6,970
748.65,970
748.7,970
748.75,970
748.8,970
748.85,970
748.9,970
748.95,970
749,970
749.05,970
749.1,970
749.15,970
749.2,970
749.25,970
749.3,970
749.35,970
749.4,970
749.45,970
749.5,970
749.55,970
749.6,970
749.65,970
749.7,970
749.75,970
749.8,970
749.85,970
749.9,970
749.95,970
750,970
750.05,970
750.1,970
750.15,970
750.2,970
750.25,970
750.3,970
750.35,970
750.4,970
750.45,970
750.5,970
750.55,970
750.6,970
750.65,970
750.7,970
750.75,970
750.8,970
750.85,970
750.9,970
750.95,970
751,970
751.05,970
751.1,970
751.15,970
751.2,970
751.25,970
751.3,970
751.35,970
751.4,970
751.45,970
751.5,970
751.55,970
751.6,970
751.65,970
751.7,970
751.75,970
751.8,970
751.85,970
751.9,970
751.95,970
752,970
752.05,970
752.1,970
752.15,970
752.2,970
752.25,970
752.3,970
752.35,970
752.4,970
752.45,970
752.5,970
752.55,970
752.6,970
752.65,970
752.7,970
752.75,970
752.8,970
752.85,970
752.9,970
752.95,970
753,970
753.05,970
753.1,970
753.15,970
753.2,970
753.25,970
753.3,970
753.35,970
753.4,970
753.45,970
753.5,970
753.55,970
753.6,970
753.65,970
753.7,970
753.75,970
753.8,970
753.85,970
753.9,970
753.95,970
754,970
754.05,970
754.1,970
754.15,970
754.2,970
754.25,970
754.3,970
754.35,970
754.4,970
754.45,970
754.5,970
754.55,970
754.6,970
754.65,970
754.7,970
754.75,970
754.8,970
754.85,970
754.9,970
754.95,970
755,970
755.05,970
755.1,970
755.15,970
755.2,970
755.25,970
755.3,970
755.35,970
755.4,970
755.45,970
755.5,970
755.55,970
755.6,970
755.65,970
755.7,970
755.75,970
755.8,970
755.85,970
755.9,970
755.95,970
756,970
756.05,970
756.1,970
756.15,970
756.2,970
756.25,970
756.3,970
756.35,970
756.4,970
756.45,970
756.5,970
756.55,970
756.6,970
756.65,970
756.7,970
756.75,970
756.8,970
756.85,970
756.9,970
756.95,970
757,970
757.05,970
757.1,970
757.15,970
757.2,970
757.25,970
757.3,970
757.35,970
757.4,970
757.45,970
757.5,970
757.55,970
757.6,970
757.65,970
757.7,970
757.75,970
757.8,970
757.85,970
757.9,970
757.95,970
758,970
758.05,970
758.1,970
758.15,970
758.2,970
758.25,970
758.3,970
758.35,970
758.4,970
758.45,970
758.5,970
758.55,970
758.6,970
758.65,970
758.7,970
758.75,970
758.8,970
758.85,970
758.9,970
758.95,970
759,970
759.05,970
759.1,970
759.15,970
759.2,970
759.25,970
759.3,970
759.35,970
759.4,970
759.45,970
759.5,970
759.55,970
759.6,970
759.65,970
759.7,970
759.75,970
759.8,970
759.85,970
759.9,970
759.95,970
760,970
760.05,970
760.1,970
760.15,970
760.2,970
760.25,970
760.3,970
760.35,970
760.4,970
760.45,970
760.5,970
760.55,970
760.6,970
760.65,970
760.7,970
760.75,970
760.8,970
760.85,970
760.9,970
760.95,970
761,970
761.05,970
761.1,970
761.15,970
761.2,970
761.25,970
761.3,970
761.35,970
761.4,970
761.45,970
761.5,970
761.55,970
761.6,970
761.65,970
761.7,970
761.75,970
761.8,970
761.85,970
761.9,970
761.95,970
762,970
762.05,970
762.1,970
762.15,970
762.2,970
762.25,970
762.3,970
762.35,970
762.4,970
762.45,970
762.5,970
762.55,970
762.6,970
762.65,970
762.7,970
762.75,970
762.8,970
762.85,970
762.9,970
762.95,970
763,970
763.05,970
763.1,970
763.15,970
763.2,970
763.25,970
763.3,970
763.35,970
763.4,970
763.45,970
763.5,970
763.55,970
763.6,970
763.65,970
763.7,970
763.75,970
763.8,970
763.85,970
763.9,970
763.95,970
764,970
764.05,970
764.1,970
764.15,970
764.2,970
764.25,970
764.3,970
764.35,970
764.4,970
764.45,970
764.5,970
764.55,970
764.6,970
764.65,970
764.7,970
764.75,970
764.8,970
764.85,970
764.9,970
764.95,970
765,970
765.05,970
765.1,970
765.15,970
765.2,970
765.25,970
765.3,970
765.35,970
765.4,970
765.45,970
765.5,970
765.55,970
765.6,970
765.65,970
765.7,970
765.75,970
765.8,970
765.85,970
765.9,970
765.95,970
766,970
766.05,970
766.1,970
766.15,970
766.2,970
766.25,970
766.3,970
766.35,970
766.4,970
766.45,970
766.5,970
766.55,970
766.6,970
766.65,970
766.7,970
766.75,970
766.8,970
766.85,970
766.9,970
766.95,970
767,970
767.05,970
767.1,970
767.15,970
767.2,970
767.25,970
767.3,970
767.35,970
767.4,970
767.45,970
767.5,970
767.55,970
767.6,970
767.65,970
767.7,970
767.75,970
767.8,970
767.85,970
767.9,970
767.95,970
768,970
768.05,970
768.1,970
768.15,970
768.2,970
768.25,970
768.3,970
768.35,970
768.4,970
768.45,970
768.5,970
768.55,970
768.6,970
768.65,970
768.7,970
768.75,970
768.8,970
768.85,970
768.9,970
768.95,970
769,970
769.05,970
769.1,970
769.15,970
769.2,970
769.25,970
769.3,970
769.35,970
769.4,970
769.45,970
769.5,970
769.55,970
769.6,970
769.65,970
769.7,970
769.75,970
769.8,970
769.85,970
769.9,970
769.95,970
770,970
770.05,970
770.1,970
770.15,970
770.2,970
770.25,970
770.3,970
770.35,970
770.4,970
770.45,970
770.5,970
770.55,970
770.6,970
770.65,970
770.7,970
770.75,970
770.8,970
770.85,970
770.9,970
770.95,970
771,970
771.05,970
771.1,970
771.15,970
771.2,970
771.25,970
771.3,970
771.35,970
771.4,970
771.45,970
771.5,970
771.55,970
771.6,970
771.65,970
771.7,970
771.75,970
771.8,970
771.85,970
771.9,970
771.95,970
772,970
772.05,970
772.1,970
772.15,970
772.2,970
772.25,970
772.3,970
772.35,970
772.4,970
772.45,970
772.5,970
772.55,970
772.6,970
772.65,970
772.7,970
772.75,970
772.8,970
772.85,970
772.9,970
772.95,970
773,970
773.05,970
773.1,970
773.15,970
773.2,970
773.25,970
773.3,970
773.35,970
773.4,970
773.45,970
773.5,970
773.55,970
773.6,970
773.65,970
773.7,970
773.75,970
773.8,970
773.85,970
773.9,970
773.95,970
774,970
774.05,970
774.1,970
774.15,970
774.2,970
774.25,970
774.3,970
774.35,970
774.4,970
774.45,970
774.5,970
774.55,970
774.6,970
774.65,970
774.7,970
774.75,970
774.8,970
774.85,970
774.9,970
774.95,970
775,970
775.05,970
775.1,970
775.15,970
775.2,970
775.25,970
775.3,970
775.35,970
775.4,970
775.45,970
775.5,970
775.55,970
775.6,970
775.65,970
775.7,970
775.75,970
775.8,970
775.85,970
775.9,970
775.95,970
776,970
776.05,970
776.1,970
776.15,970
776.2,970
776.25,970
776.3,970
776.35,970
776.4,970
776.45,970
776.5,970
776.55,970
776.6,970
776.65,970
776.7,970
776.75,970
776.8,970
776.85,970
776.9,970
776.95,970
777,970
777.05,970
777.1,970
777.15,970
777.2,970
777.25,970
777.3,970
777.35,970
777.4,970
777.45,970
777.5,970
777.55,970
777.6,970
777.65,970
777.7,970
777.75,970
777.8,970
777.85,970
777.9,970
777.95,970
778,970
778.05,970
778.1,970
778.15,970
778.2,970
778.25,970
778.3,970
778.35,970
778.4,970
778.45,970
778.5,970
778.55,970
778.6,970
778.65,970
778.7,970
778.75,970
778.8,970
778.85,970
778.9,970
778.95,970
779,970
779.05,970
779.1,970
779.15,970
779.2,970
779.25,970
779.3,970
779.35,970
779.4,970
779.45,970
779.5,970
779.55,970
779.6,970
779.65,970
779.7,970
779.75,970
779.8,970
779.85,970
779.9,970
779.95,970
780,970
780.05,970
780.1,970
780.15,970
780.2,970
780.25,970
780.3,970
780.35,970
780.4,970
780.45,970
780.5,970
780.55,970
780.6,970
780.65,970
780.7,970
780.75,970
780.8,970
780.85,970
780.9,970
780.95,970
781,970
781.05,970
781.1,970
781.15,970
781.2,970
781.25,970
781.3,970
781.35,970
781.4,970
781.45,970
781.5,970
781.55,970
781.6,970
781.65,970
781.7,970
781.75,970
781.8,970
781.85,970
781.9,970
781.95,970
782,970
782.05,970
782.1,970
782.15,970
782.2,970
782.25,970
782.3,970
782.35,970
782.4,970
782.45,970
782.5,970
782.55,970
782.6,970
782.65,970
782.7,970
782.75,970
782.8,970
782.85,970
782.9,970
782.95,970
783,970
783.05,970
783.1,970
783.15,970
783.2,970
783.25,970
783.3,970
783.35,970
783.4,970
783.45,970
783.5,970
783.55,970
783.6,970
783.65,970
783.7,970
783.75,970
783.8,970
783.85,970
783.9,970
783.95,970
784,970
784.05,970
784.1,970
784.15,970
784.2,970
784.25,970
784.3,970
784.35,970
784.4,970
784.45,970
784.5,970
784.55,970
784.6,970
784.65,970
784.7,970
784.75,970
784.8,970
784.85,970
784.9,970
784.95,970
785,970
785.05,970
785.1,970
785.15,970
785.2,970
785.25,970
785.3,970
785.35,970
785.4,970
785.45,970
785.5,970
785.55,970
785.6,970
785.65,970
785.7,970
785.75,970
785.8,970
785.85,970
785.9,970
785.95,970
786,970
786.05,970
786.1,970
786.15,970
786.2,970
786.25,970
786.3,970
786.35,970
786.4,970
786.45,970
786.5,970
786.55,970
786.6,970
786.65,970
786.7,970
786.75,970
786.8,970
786.85,970
786.9,970
786.95,970
787,970
787.05,970
787.1,970
787.15,970
787.2,970
787.25,970
787.3,970
787.35,970
787.4,970
787.45,970
787.5,970
787.55,970
787.6,970
787.65,970
787.7,970
787.75,970
787.8,970
787.85,970
787.9,970
787.95,970
788,970
788.05,970
788.1,970
788.15,970
788.2,970
788.25,970
788.3,970
788.35,970
788.4,970
788.45,970
788.5,970
788.55,970
788.6,970
788.65,970
788.7,970
788.75,970
788.8,970
788.85,970
788.9,970
788.95,970
789,970
789.05,970
789.1,970
789.15,970
789.2,970
789.25,970
789.3,970
789.35,970
789.4,970
789.45,970
789.5,970
789.55,970
789.6,970
789.65,970
789.7,970
789.75,970
789.8,970
789.85,970
789.9,970
789.95,970
790,970
790.05,970
790.1,970
790.15,970
790.2,970
790.25,970
790.3,970
790.35,970
790.4,970
790.45,970
790.5,970
790.55,970
790.6,970
790.65,970
790.7,970
790.75,970
790.8,970
790.85,970
790.9,970
790.95,970
791,970
791.05,970
791.1,970
791.15,970
791.2,970
791.25,970
791.3,970
791.35,970
791.4,970
791.45,970
791.5,970
791.55,970
791.6,970
791.65,970
791.7,970
791.75,970
791.8,970
791.85,970
791.9,970
791.95,970
792,970
792.05,970
792.1,970
792.15,970
792.2,970
792.25,970
792.3,970
792.35,970
792.4,970
792.45,970
792.5,970
792.55,970
792.6,970
792.65,970
792.7,970
792.75,970
792.8,970
792.85,970
792.9,970
792.95,970
793,970
793.05,970
793.1,970
793.15,970
793.2,970
793.25,970
793.3,970
793.35,970
793.4,970
793.45,970
793.5,970
793.55,970
793.6,970
793.65,970
793.7,970
793.75,970
793.8,970
793.85,970
793.9,970
793.95,970
794,970
794.05,970
794.1,970
794.15,970
794.2,970
794.25,970
794.3,970
794.35,970
794.4,970
794.45,970
794.5,970
794.55,970
794.6,970
794.65,970
794.7,970
794.75,970
794.8,970
794.85,970
794.9,970
794.95,970
795,970
795.05,970
795.1,970
795.15,970
795.2,970
795.25,970
795.3,970
795.35,970
795.4,970
795.45,970
795.5,970
795.55,970
795.6,970
795.65,970
795.7,970
795.75,970
795.8,970
795.85,970
795.9,970
795.95,970
796,970
796.05,970
796.1,970
796.15,970
796.2,970
796.25,970
796.3,970
796.35,970
796.4,970
796.45,970
796.5,970
796.55,970
796.6,970
796.65,970
796.7,970
796.75,970
796.8,970
796.85,970
796.9,970
796.95,970
797,970
797.05,970
797.1,970
797.15,970
797.2,970
797.25,970
797.3,970
797.35,970
797.4,970
797.45,970
797.5,970
797.55,970
797.6,970
797.65,970
797.7,970
797.75,970
797.8,970
797.85,970
797.9,970
797.95,970
798,970
798.05,970
798.1,970
798.15,970
798.2,970
798.25,970
798.3,970
798.35,970
798.4,970
798.45,970
798.5,970
798.55,970
798.6,970
798.65,970
798.7,970
798.75,970
798.8,970
798.85,970
798.9,970
798.95,970
799,970
799.05,970
799.1,970
799.15,970
799.2,970
799.25,970
799.3,970
799.35,970
799.4,970
799.45,970
799.5,970
799.55,970
799.6,970
799.65,970
799.7,970
799.75,970
799.8,970
799.85,970
799.9,970
799.95,970
800,970
800.05,970
800.1,970
800.15,970
800.2,970
800.25,970
800.3,970
800.35,970
800.4,970
800.45,970
800.5,970
800.55,970
800.6,970
800.65,970
800.7,970
800.75,970
800.8,970
800.85,970
800.9,970
800.95,970
801,970
801.05,970
801.1,970
801.15,970
801.2,970
801.25,970
801.3,970
801.35,970
801.4,970
801.45,970
801.5,970
801.55,970
801.6,970
801.65,970
801.7,970
801.75,970
801.8,970
801.85,970
801.9,970
801.95,970
802,970
802.05,970
802.1,970
802.15,970
802.2,970
802.25,970
802.3,970
802.35,970
802.4,970
802.45,970
802.5,970
802.55,970
802.6,970
802.65,970
802.7,970
802.75,970
802.8,970
802.85,970
802.9,970
802.95,970
803,970
803.05,970
803.1,970
803.15,970
803.2,970
803.25,970
803.3,970
803.35,970
803.4,970
803.45,970
803.5,970
803.55,970
803.6,970
803.65,970
803.7,970
803.75,970
803.8,970
803.85,970
803.9,970
803.95,970
804,970
804.05,970
804.1,970
804.15,970
804.2,970
804.25,970
804.3,970
804.35,970
804.4,970
804.45,970
804.5,970
804.55,970
804.6,970
804.65,970
804.7,970
804.75,970
804.8,970
804.85,970
804.9,970
804.95,970
805,970
805.05,970
805.1,970
805.15,970
805.2,970
805.25,970
805.3,970
805.35,970
805.4,970
805.45,970
805.5,970
805.55,970
805.6,970
805.65,970
805.7,970
805.75,970
805.8,970
805.85,970
805.9,970
805.95,970
806,970
806.05,970
806.1,970
806.15,970
806.2,970
806.25,970
806.3,970
806.35,970
806.4,970
806.45,970
806.5,970
806.55,970
806.6,970
806.65,970
806.7,970
806.75,970
806.8,970
806.85,970
806.9,970
806.95,970
807,970
807.05,970
807.1,970
807.15,970
807.2,970
807.25,970
807.3,970
807.35,970
807.4,970
807.45,970
807.5,970
807.55,970
807.6,970
807.65,970
807.7,970
807.75,970
807.8,970
807.85,970
807.9,970
807.95,970
808,970
808.05,970
808.1,970
808.15,970
808.2,970
808.25,970
808.3,970
808.35,970
808.4,970
808.45,970
808.5,970
808.55,970
808.6,970
808.65,970
808.7,970
808.75,970
808.8,970
808.85,970
808.9,970
808.95,970
809,970
809.05,970
809.1,970
809.15,970
809.2,970
809.25,970
809.3,970
809.35,970
809.4,970
809.45,970
809.5,970
809.55,970
809.6,970
809.65,970
809.7,970
809.75,970
809.8,970
809.85,970
809.9,970
809.95,970
810,970
810.05,970
810.1,970
810.15,970
810.2,970
810.25,970
810.3,970
810.35,970
810.4,970
810.45,970
810.5,970
810.55,970
810.6,970
810.65,970
810.7,970
810.75,970
810.8,970
810.85,970
810.9,970
810.95,970
811,970
811.05,970
811.1,970
811.15,970
811.2,970
811.25,970
811.3,970
811.35,970
811.4,970
811.45,970
811.5,970
811.55,970
811.6,970
811.65,970
811.7,970
811.75,970
811.8,970
811.85,970
811.9,970
811.95,970
812,970
812.05,970
812.1,970
812.15,970
812.2,970
812.25,970
812.3,970
812.35,970
812.4,970
812.45,970
812.5,970
812.55,970
812.6,970
812.65,970
812.7,970
812.75,970
812.8,970
812.85,970
812.9,970
812.95,970
813,970
813.05,970
813.1,970
813.15,970
813.2,970
813.25,970
813.3,970
813.35,970
813.4,970
813.45,970
813.5,970
813.55,970
813.6,970
813.65,970
813.7,970
813.75,970
813.8,970
813.85,970
813.9,970
813.95,970
814,970
814.05,970
814.1,970
814.15,970
814.2,970
814.25,970
814.3,970
814.35,970
814.4,970
814.45,970
814.5,970
814.55,970
814.6,970
814.65,970
814.7,970
814.75,970
814.8,970
814.85,970
814.9,970
814.95,970
815,970
815.05,970
815.1,970
815.15,970
815.2,970
815.25,970
815.3,970
815.35,970
815.4,970
815.45,970
815.5,970
815.55,970
815.6,970
815.65,970
815.7,970
815.75,970
815.8,970
815.85,970
815.9,970
815.95,970
816,970
816.05,970
816.1,970
816.15,970
816.2,970
816.25,970
816.3,970
816.35,970
816.4,970
816.45,970
816.5,970
816.55,970
816.6,970
816.65,970
816.7,970
816.75,970
816.8,970
816.85,970
816.9,970
816.95,970
817,970
817.05,970
817.1,970
817.15,970
817.2,970
817.25,970
817.3,970
817.35,970
817.4,970
817.45,970
817.5,970
817.55,970
817.6,970
817.65,970
817.7,970
817.75,970
817.8,970
817.85,970
817.9,970
817.95,970
818,970
818.05,970
818.1,970
818.15,970
818.2,970
818.25,970
818.3,970
818.35,970
818.4,970
818.45,970
818.5,970
818.55,970
818.6,970
818.65,970
818.7,970
818.75,970
818.8,970
818.85,970
818.9,970
818.95,970
819,970
819.05,970
819.1,970
819.15,970
819.2,970
819.25,970
819.3,970
819.35,970
819.4,970
819.45,970
819.5,970
819.55,970
819.6,970
819.65,970
819.7,970
819.75,970
819.8,970
819.85,970
819.9,970
819.95,970
820,970
820.05,970
820.1,970
820.15,970
820.2,970
820.25,970
820.3,970
820.35,970
820.4,970
820.45,970
820.5,970
820.55,970
820.6,970
820.65,970
820.7,970
820.75,970
820.8,970
820.85,970
820.9,970
820.95,970
821,970
821.05,970
821.1,970
821.15,970
821.2,970
821.25,970
821.3,970
821.35,970
821.4,970
821.45,970
821.5,970
821.55,970
821.6,970
821.65,970
821.7,970
821.75,970
821.8,970
821.85,970
821.9,970
821.95,970
822,970
822.05,970
822.1,970
822.15,970
822.2,970
822.25,970
822.3,970
822.35,970
822.4,970
822.45,970
822.5,970
822.55,970
822.6,970
822.65,970
822.7,970
822.75,970
822.8,970
822.85,970
822.9,970
822.95,970
823,970
823.05,970
823.1,970
823.15,970
823.2,970
823.25,970
823.3,970
823.35,970
823.4,970
823.45,970
823.5,970
823.55,970
823.6,970
823.65,970
823.7,970
823.75,970
823.8,970
823.85,970
823.9,970
823.95,970
824,970
824.05,970
824.1,970
824.15,970
824.2,970
824.25,970
824.3,970
824.35,970
824.4,970
824.45,970
824.5,970
824.55,970
824.6,970
824.65,970
824.7,970
824.75,970
824.8,970
824.85,970
824.9,970
824.95,970
825,970
825.05,970
825.1,970
825.15,970
825.2,970
825.25,970
825.3,970
825.35,970
825.4,970
825.45,970
825.5,970
825.55,970
825.6,970
825.65,970
825.7,970
825.75,970
825.8,970
825.85,970
825.9,970
825.95,970
826,970
826.05,970
826.1,970
826.15,970
826.2,970
826.25,970
826.3,970
826.35,970
826.4,970
826.45,970
826.5,970
826.55,970
826.6,970
826.65,970
826.7,970
826.75,970
826.8,970
826.85,970
826.9,970
826.95,970
827,970
827.05,970
827.1,970
827.15,970
827.2,970
827.25,970
827.3,970
827.35,970
827.4,970
827.45,970
827.5,970
827.55,970
827.6,970
827.65,970
827.7,970
827.75,970
827.8,970
827.85,970
827.9,970
827.95,970
828,970
828.05,970
828.1,970
828.15,970
828.2,970
828.25,970
828.3,970
828.35,970
828.4,970
828.45,970
828.5,970
828.55,970
828.6,970
828.65,970
828.7,970
828.75,970
828.8,970
828.85,970
828.9,970
828.95,970
829,970
829.05,970
829.1,970
829.15,970
829.2,970
829.25,970
829.3,970
829.35,970
829.4,970
829.45,970
829.5,970
829.55,970
829.6,970
829.65,970
829.7,970
829.75,970
829.8,970
829.85,970
829.9,970
829.95,970
830,970
830.05,970
830.1,970
830.15,970
830.2,970
830.25,970
830.3,970
830.35,970
830.4,970
830.45,970
830.5,970
830.55,970
830.6,970
830.65,970
830.7,970
830.75,970
830.8,970
830.85,970
830.9,970
830.95,970
831,970
831.05,970
831.1,970
831.15,970
831.2,970
831.25,970
831.3,970
831.35,970
831.4,970
831.45,970
831.5,970
831.55,970
831.6,970
831.65,970
831.7,970
831.75,970
831.8,970
831.85,970
831.9,970
831.95,970
832,970
832.05,970
832.1,970
832.15,970
832.2,970
832.25,970
832.3,970
832.35,970
832.4,970
832.45,970
832.5,970
832.55,970
832.6,970
832.65,970
832.7,970
832.75,970
832.8,970
832.85,970
832.9,970
832.95,970
833,970
833.05,970
833.1,970
833.15,970
833.2,970
833.25,970
833.3,970
833.35,970
833.4,970
833.45,970
833.5,970
833.55,970
833.6,970
833.65,970
833.7,970
833.75,970
833.8,970
833.85,970
833.9,970
833.95,970
834,970
834.05,970
834.1,970
834.15,970
834.2,970
834.25,970
834.3,970
834.35,970
834.4,970
834.45,970
834.5,970
834.55,970
834.6,970
834.65,970
834.7,970
834.75,970
834.8,970
834.85,970
834.9,970
834.95,970
835,970
835.05,970
835.1,970
835.15,970
835.2,970
835.25,970
835.3,970
835.35,970
835.4,970
835.45,970
835.5,970
835.55,970
835.6,970
835.65,970
835.7,970
835.75,970
835.8,970
835.85,970
835.9,970
835.95,970
836,970
836.05,970
836.1,970
836.15,970
836.2,970
836.25,970
836.3,970
836.35,970
836.4,970
836.45,970
836.5,970
836.55,970
836.6,970
836.65,970
836.7,970
836.75,970
836.8,970
836.85,970
836.9,970
836.95,970
837,970
837.05,970
837.1,970
837.15,970
837.2,970
837.25,970
837.3,970
837.35,970
837.4,970
837.45,970
837.5,970
837.55,970
837.6,970
837.65,970
837.7,970
837.75,970
837.8,970
837.85,970
837.9,970
837.95,970
838,970
838.05,970
838.1,970
838.15,970
838.2,970
838.25,970
838.3,970
838.35,970
838.4,970
838.45,970
838.5,970
838.55,970
838.6,970
838.65,970
838.7,970
838.75,970
838.8,970
838.85,970
838.9,970
838.95,970
839,970
839.05,970
839.1,970
839.15,970
839.2,970
839.25,970
839.3,970
839.35,970
839.4,970
839.45,970
839.5,970
839.55,970
839.6,970
839.65,970
839.7,970
839.75,970
839.8,970
839.85,970
839.9,970
839.95,970
840,970
840.05,970
840.1,970
840.15,970
840.2,970
840.25,970
840.3,970
840.35,970
840.4,970
840.45,970
840.5,970
840.55,970
840.6,970
840.65,970
840.7,970
840.75,970
840.8,970
840.85,970
840.9,970
840.95,970
841,970
841.05,970
841.1,970
841.15,970
841.2,970
841.25,970
841.3,970
841.35,970
841.4,970
841.45,970
841.5,970
841.55,970
841.6,970
841.65,970
841.7,970
841.75,970
841.8,970
841.85,970
841.9,970
841.95,970
842,970
842.05,970
842.1,970
842.15,970
842.2,970
842.25,970
842.3,970
842.35,970
842.4,970
842.45,970
842.5,970
842.55,970
842.6,970
842.65,970
842.7,970
842.75,970
842.8,970
842.85,970
842.9,970
842.95,970
843,970
843.05,970
843.1,970
843.15,970
843.2,970
843.25,970
843.3,970
843.35,970
843.4,970
843.45,970
843.5,970
843.55,970
843.6,970
843.65,970
843.7,970
843.75,970
843.8,970
843.85,970
843.9,970
843.95,970
844,970
844.05,970
844.1,970
844.15,970
844.2,970
844.25,970
844.3,970
844.35,970
844.4,970
844.45,970
844.5,970
844.55,970
844.6,970
844.65,970
844.7,970
844.75,970
844.8,970
844.85,970
844.9,970
844.95,970
845,970
845.05,970
845.1,970
845.15,970
845.2,970
845.25,970
845.3,970
845.35,970
845.4,970
845.45,970
845.5,970
845.55,970
845.6,970
845.65,970
845.7,970
845.75,970
845.8,970
845.85,970
845.9,970
845.95,970
846,970
846.05,970
846.1,970
846.15,970
846.2,970
846.25,970
846.3,970
846.35,970
846.4,970
846.45,970
846.5,970
846.55,970
846.6,970
846.65,970
846.7,970
846.75,970
846.8,970
846.85,970
846.9,970
846.95,970
847,970
847.05,970
847.1,970
847.15,970
847.2,970
847.25,970
847.3,970
847.35,970
847.4,970
847.45,970
847.5,970
847.55,970
847.6,970
847.65,970
847.7,970
847.75,970
847.8,970
847.85,970
847.9,970
847.95,970
848,970
848.05,970
848.1,970
848.15,970
848.2,970
848.25,970
848.3,970
848.35,970
848.4,970
848.45,970
848.5,970
848.55,970
848.6,970
848.65,970
848.7,970
848.75,970
848.8,970
848.85,970
848.9,970
848.95,970
849,970
849.05,970
849.1,970
849.15,970
849.2,970
849.25,970
849.3,970
849.35,970
849.4,970
849.45,970
849.5,970
849.55,970
849.6,970
849.65,970
849.7,970
849.75,970
849.8,970
849.85,970
849.9,970
849.95,970
850,970
850.05,970
850.1,970
850.15,970
850.2,970
850.25,970
850.3,970
850.35,970
850.4,970
850.45,970
850.5,970
850.55,970
850.6,970
850.65,970
850.7,970
850.75,970
850.8,970
850.85,970
850.9,970
850.95,970
851,970
851.05,970
851.1,970
851.15,970
851.2,970
851.25,970
851.3,970
851.35,970
851.4,970
851.45,970
851.5,970
851.55,970
851.6,970
851.65,970
851.7,970
851.75,970
851.8,970
851.85,970
851.9,970
851.95,970
852,970
852.05,970
852.1,970
852.15,970
852.2,970
852.25,970
852.3,970
852.35,970
852.4,970
852.45,970
852.5,970
852.55,970
852.6,970
852.65,970
852.7,970
852.75,970
852.8,970
852.85,970
852.9,970
852.95,970
853,970
853.05,970
853.1,970
853.15,970
853.2,970
853.25,970
853.3,970
853.35,970
853.4,970
853.45,970
853.5,970
853.55,970
853.6,970
853.65,970
853.7,970
853.75,970
853.8,970
853.85,970
853.9,970
853.95,970
854,970
854.05,970
854.1,970
854.15,970
854.2,970
854.25,970
854.3,970
854.35,970
854.4,970
854.45,970
854.5,970
854.55,970
854.6,970
854.65,970
854.7,970
854.75,970
854.8,970
854.85,970
854.9,970
854.95,970
855,970
855.05,970
855.1,970
855.15,970
855.2,970
855.25,970
855.3,970
855.35,970
855.4,970
855.45,970
855.5,970
855.55,970
855.6,970
855.65,970
855.7,970
855.75,970
855.8,970
855.85,970
855.9,970
855.95,970
856,970
856.05,970
856.1,970
856.15,970
856.2,970
856.25,970
856.3,970
856.35,970
856.4,970
856.45,970
856.5,970
856.55,970
856.6,970
856.65,970
856.7,970
856.75,970
856.8,970
856.85,970
856.9,970
856.95,970
857,970
857.05,970
857.1,970
857.15,970
857.2,970
857.25,970
857.3,970
857.35,970
857.4,970
857.45,970
857.5,970
857.55,970
857.6,970
857.65,970
857.7,970
857.75,970
857.8,970
857.85,970
857.9,970
857.95,970
858,970
858.05,970
858.1,970
858.15,970
858.2,970
858.25,970
858.3,970
858.35,970
858.4,970
858.45,970
858.5,970
858.55,970
858.6,970
858.65,970
858.7,970
858.75,970
858.8,970
858.85,970
858.9,970
858.95,970
859,970
859.05,970
859.1,970
859.15,970
859.2,970
859.25,970
859.3,970
859.35,970
859.4,970
859.45,970
859.5,970
859.55,970
859.6,970
859.65,970
859.7,970
859.75,970
859.8,970
859.85,970
859.9,970
859.95,970
860,970
860.05,970
860.1,970
860.15,970
860.2,970
860.25,970
860.3,970
860.35,970
860.4,970
860.45,970
860.5,970
860.55,970
860.6,970
860.65,970
860.7,970
860.75,970
860.8,970
860.85,970
860.9,970
860.95,970
861,970
861.05,970
861.1,970
861.15,970
861.2,970
861.25,970
861.3,970
861.35,970
861.4,970
861.45,970
861.5,970
861.55,970
861.6,970
861.65,970
861.7,970
861.75,970
861.8,970
861.85,970
861.9,970
861.95,970
862,970
862.05,970
862.1,970
862.15,970
862.2,970
862.25,970
862.3,970
862.35,970
862.4,970
862.45,970
862.5,970
862.55,970
862.6,970
862.65,970
862.7,970
862.75,970
862.8,970
862.85,970
862.9,970
862.95,970
863,970
863.05,970
863.1,970
863.15,970
863.2,970
863.25,970
863.3,970
863.35,970
863.4,970
863.45,970
863.5,970
863.55,970
863.6,970
863.65,970
863.7,970
863.75,970
863.8,970
863.85,970
863.9,970
863.95,970
864,970
864.05,970
864.1,970
864.15,970
864.2,970
864.25,970
864.3,970
864.35,970
864.4,970
864.45,970
864.5,970
864.55,970
864.6,970
864.65,970
864.7,970
864.75,970
864.8,970
864.85,970
864.9,970
864.95,970
865,970
865.05,970
865.1,970
865.15,970
865.2,970
865.25,970
865.3,970
865.35,970
865.4,970
865.45,970
865.5,970
865.55,970
865.6,970
865.65,970
865.7,970
865.75,970
865.8,970
865.85,970
865.9,970
865.95,970
866,970
866.05,970
866.1,970
866.15,970
866.2,970
866.25,970
866.3,970
866.35,970
866.4,970
866.45,970
866.5,970
866.55,970
866.6,970
866.65,970
866.7,970
866.75,970
866.8,970
866.85,970
866.9,970
866.95,970
867,970
867.05,970
867.1,970
867.15,970
867.2,970
867.25,970
867.3,970
867.35,970
867.4,970
867.45,970
867.5,970
867.55,970
867.6,970
867.65,970
867.7,970
867.75,970
867.8,970
867.85,970
867.9,970
867.95,970
868,970
868.05,970
868.1,970
868.15,970
868.2,970
868.25,970
868.3,970
868.35,970
868.4,970
868.45,970
868.5,970
868.55,970
868.6,970
868.65,970
868.7,970
868.75,970
868.8,970
868.85,970
868.9,970
868.95,970
869,970
869.05,970
869.1,970
869.15,970
869.2,970
869.25,970
869.3,970
869.35,970
869.4,970
869.45,970
869.5,970
869.55,970
869.6,970
869.65,970
869.7,970
869.75,970
869.8,970
869.85,970
869.9,970
869.95,970
870,970
870.05,970
870.1,970
870.15,970
870.2,970
870.25,970
870.3,970
870.35,970
870.4,970
870.45,970
870.5,970
870.55,970
870.6,970
870.65,970
870.7,970
870.75,970
870.8,970
870.85,970
870.9,970
870.95,970
871,970
871.05,970
871.1,970
871.15,970
871.2,970
871.25,970
871.3,970
871.35,970
871.4,970
871.45,970
871.5,970
871.55,970
871.6,970
871.65,970
871.7,970
871.75,970
871.8,970
871.85,970
871.9,970
871.95,970
872,970
872.05,970
872.1,970
872.15,970
872.2,970
872.25,970
872.3,970
872.35,970
872.4,970
872.45,970
872.5,970
872.55,970
872.6,970
872.65,970
872.7,970
872.75,970
872.8,970
872.85,970
872.9,970
872.95,970
873,970
873.05,970
873.1,970
873.15,970
873.2,970
873.25,970
873.3,970
873.35,970
873.4,970
873.45,970
873.5,970
873.55,970
873.6,970
873.65,970
873.7,970
873.75,970
873.8,970
873.85,970
873.9,970
873.95,970
874,970
874.05,970
874.1,970
874.15,970
874.2,970
874.25,970
874.3,970
874.35,970
874.4,970
874.45,970
874.5,970
874.55,970
874.6,970
874.65,970
874.7,970
874.75,970
874.8,970
874.85,970
874.9,970
874.95,970
875,970
875.05,970
875.1,970
875.15,970
875.2,970
875.25,970
875.3,970
875.35,970
875.4,970
875.45,970
875.5,970
875.55,970
875.6,970
875.65,970
875.7,970
875.75,970
875.8,970
875.85,970
875.9,970
875.95,970
876,970
876.05,970
876.1,970
876.15,970
876.2,970
876.25,970
876.3,970
876.35,970
876.4,970
876.45,970
876.5,970
876.55,970
876.6,970
876.65,970
876.7,970
876.75,970
876.8,970
876.85,970
876.9,970
876.95,970
877,970
877.05,970
877.1,970
877.15,970
877.2,970
877.25,970
877.3,970
877.35,970
877.4,970
877.45,970
877.5,970
877.55,970
877.6,970
877.65,970
877.7,970
877.75,970
877.8,970
877.85,970
877.9,970
877.95,970
878,970
878.05,970
878.1,970
878.15,970
878.2,970
878.25,970
878.3,970
878.35,970
878.4,970
878.45,970
878.5,970
878.55,970
878.6,970
878.65,970
878.7,970
878.75,970
878.8,970
878.85,970
878.9,970
878.95,970
879,970
879.05,970
879.1,970
879.15,970
879.2,970
879.25,970
879.3,970
879.35,970
879.4,970
879.45,970
879.5,970
879.55,970
879.6,970
879.65,970
879.7,970
879.75,970
879.8,970
879.85,970
879.9,970
879.95,970
880,970
880.05,970
880.1,970
880.15,970
880.2,970
880.25,970
880.3,970
880.35,970
880.4,970
880.45,970
880.5,970
880.55,970
880.6,970
880.65,970
880.7,970
880.75,970
880.8,970
880.85,970
880.9,970
880.95,970
881,970
881.05,970
881.1,970
881.15,970
881.2,970
881.25,970
881.3,970
881.35,970
881.4,970
881.45,970
881.5,970
881.55,970
881.6,970
881.65,970
881.7,970
881.75,970
881.8,970
881.85,970
881.9,970
881.95,970
882,970
882.05,970
882.1,970
882.15,970
882.2,970
882.25,970
882.3,970
882.35,970
882.4,970
882.45,970
882.5,970
882.55,970
882.6,970
882.65,970
882.7,970
882.75,970
882.8,970
882.85,970
882.9,970
882.95,970
883,970
883.05,970
883.1,970
883.15,970
883.2,970
883.25,970
883.3,970
883.35,970
883.4,970
883.45,970
883.5,970
883.55,970
883.6,970
883.65,970
883.7,970
883.75,970
883.8,970
883.85,970
883.9,970
883.95,970
884,970
884.05,970
884.1,970
884.15,970
884.2,970
884.25,970
884.3,970
884.35,970
884.4,970
884.45,970
884.5,970
884.55,970
884.6,970
884.65,970
884.7,970
884.75,970
884.8,970
884.85,970
884.9,970
884.95,970
885,970
885.05,970
885.1,970
885.15,970
885.2,970
885.25,970
885.3,970
885.35,970
885.4,970
885.45,970
885.5,970
885.55,970
885.6,970
885.65,970
885.7,970
885.75,970
885.8,970
885.85,970
885.9,970
885.95,970
886,970
886.05,970
886.1,970
886.15,970
886.2,970
886.25,970
886.3,970
886.35,970
886.4,970
886.45,970
886.5,970
886.55,970
886.6,970
886.65,970
886.7,970
886.75,970
886.8,970
886.85,970
886.9,970
886.95,970
887,970
887.05,970
887.1,970
887.15,970
887.2,970
887.25,970
887.3,970
887.35,970
887.4,970
887.45,970
887.5,970
887.55,970
887.6,970
887.65,970
887.7,970
887.75,970
887.8,970
887.85,970
887.9,970
887.95,970
888,970
888.05,970
888.1,970
888.15,970
888.2,970
888.25,970
888.3,970
888.35,970
888.4,970
888.45,970
888.5,970
888.55,970
888.6,970
888.65,970
888.7,970
888.75,970
888.8,970
888.85,970
888.9,970
888.95,970
889,970
889.05,970
889.1,970
889.15,970
889.2,970
889.25,970
889.3,970
889.35,970
889.4,970
889.45,970
889.5,970
889.55,970
889.6,970
889.65,970
889.7,970
889.75,970
889.8,970
889.85,970
889.9,970
889.95,970
890,970
890.05,970
890.1,970
890.15,970
890.2,970
890.25,970
890.3,970
890.35,970
890.4,970
890.45,970
890.5,970
890.55,970
890.6,970
890.65,970
890.7,970
890.75,970
890.8,970
890.85,970
890.9,970
890.95,970
891,970
891.05,970
891.1,970
891.15,970
891.2,970
891.25,970
891.3,970
891.35,970
891.4,970
891.45,970
891.5,970
891.55,970
891.6,970
891.65,970
891.7,970
891.75,970
891.8,970
891.85,970
891.9,970
891.95,970
892,970
892.05,970
892.1,970
892.15,970
892.2,970
892.25,970
892.3,970
892.35,970
892.4,970
892.45,970
892.5,970
892.55,970
892.6,970
892.65,970
892.7,970
892.75,970
892.8,970
892.85,970
892.9,970
892.95,970
893,970
893.05,970
893.1,970
893.15,970
893.2,970
893.25,970
893.3,970
893.35,970
893.4,970
893.45,970
893.5,970
893.55,970
893.6,970
893.65,970
893.7,970
893.75,970
893.8,970
893.85,970
893.9,970
893.95,970
894,970
894.05,970
894.1,970
894.15,970
894.2,970
894.25,970
894.3,970
894.35,970
894.4,970
894.45,970
894.5,970
894.55,970
894.6,970
894.65,970
894.7,970
894.75,970
894.8,970
894.85,970
894.9,970
894.95,970
895,970
895.05,970
895.1,970
895.15,970
895.2,970
895.25,970
895.3,970
895.35,970
895.4,970
895.45,970
895.5,970
895.55,970
895.6,970
895.65,970
895.7,970
895.75,970
895.8,970
895.85,970
895.9,970
895.95,970
896,970
896.05,970
896.1,970
896.15,970
896.2,970
896.25,970
896.3,970
896.35,970
896.4,970
896.45,970
896.5,970
896.55,970
896.6,970
896.65,970
896.7,970
896.75,970
896.8,970
896.85,970
896.9,970
896.95,970
897,970
897.05,970
897.1,970
897.15,970
897.2,970
897.25,970
897.3,970
897.35,970
897.4,970
897.45,970
897.5,970
897.55,970
897.6,970
897.65,970
897.7,970
897.75,970
897.8,970
897.85,970
897.9,970
897.95,970
898,970
898.05,970
898.1,970
898.15,970
898.2,970
898.25,970
898.3,970
898.35,970
898.4,970
898.45,970
898.5,970
898.55,970
898.6,970
898.65,970
898.7,970
898.75,970
898.8,970
898.85,970
898.9,970
898.95,970
899,970
899.05,970
899.1,970
899.15,970
899.2,970
899.25,970
899.3,970
899.35,970
899.4,970
899.45,970
899.5,970
899.55,970
899.6,970
899.65,970
899.7,970
899.75,970
899.8,970
899.85,970
899.9,970
899.95,970
900,970
900.05,970
900.1,970
900.15,970
900.2,970
900.25,970
900.3,970
900.35,970
900.4,970
900.45,970
900.5,970
900.55,970
900.6,970
900.65,970
900.7,970
900.75,970
900.8,970
900.85,970
900.9,970
900.95,970
901,970
901.05,970
901.1,970
901.15,970
901.2,970
901.25,970
901.3,970
901.35,970
901.4,970
901.45,970
901.5,970
901.55,970
901.6,970
901.65,970
901.7,970
901.75,970
901.8,970
901.85,970
901.9,970
901.95,970
902,970
902.05,970
902.1,970
902.15,970
902.2,970
902.25,970
902.3,970
902.35,970
902.4,970
902.45,970
902.5,970
902.55,970
902.6,970
902.65,970
902.7,970
902.75,970
902.8,970
902.85,970
902.9,970
902.95,970
903,970
903.05,970
903.1,970
903.15,970
903.2,970
903.25,970
903.3,970
903.35,970
903.4,970
903.45,970
903.5,970
903.55,970
903.6,970
903.65,970
903.7,970
903.75,970
903.8,970
903.85,970
903.9,970
903.95,970
904,970
904.05,970
904.1,970
904.15,970
904.2,970
904.25,970
904.3,970
904.35,970
904.4,970
904.45,970
904.5,970
904.55,970
904.6,970
904.65,970
904.7,970
904.75,970
904.8,970
904.85,970
904.9,970
904.95,970
905,970
905.05,970
905.1,970
905.15,970
905.2,970
905.25,970
905.3,970
905.35,970
905.4,970
905.45,970
905.5,970
905.55,970
905.6,970
905.65,970
905.7,970
905.75,970
905.8,970
905.85,970
905.9,970
905.95,970
906,970
906.05,970
906.1,970
906.15,970
906.2,970
906.25,970
906.3,970
906.35,970
906.4,970
906.45,970
906.5,970
906.55,970
906.6,970
906.65,970
906.7,970
906.75,970
906.8,970
906.85,970
906.9,970
906.95,970
907,970
907.05,970
907.1,970
907.15,970
907.2,970
907.25,970
907.3,970
907.35,970
907.4,970
907.45,970
907.5,970
907.55,970
907.6,970
907.65,970
907.7,970
907.75,970
907.8,970
907.85,970
907.9,970
907.95,970
908,970
908.05,970
908.1,970
908.15,970
908.2,970
908.25,970
908.3,970
908.35,970
908.4,970
908.45,970
908.5,970
908.55,970
908.6,970
908.65,970
908.7,970
908.75,970
908.8,970
908.85,970
908.9,970
908.95,970
909,970
909.05,970
909.1,970
909.15,970
909.2,970
909.25,970
909.3,970
909.35,970
909.4,970
909.45,970
909.5,970
909.55,970
909.6,970
909.65,970
909.7,970
909.75,970
909.8,970
909.85,970
909.9,970
909.95,970
910,970
910.05,970
910.1,970
910.15,970
910.2,970
910.25,970
910.3,970
910.35,970
910.4,970
910.45,970
910.5,970
910.55,970
910.6,970
910.65,970
910.7,970
910.75,970
910.8,970
910.85,970
910.9,970
910.95,970
911,970
911.05,970
911.1,970
911.15,970
911.2,970
911.25,970
911.3,970
911.35,970
911.4,970
911.45,970
911.5,970
911.55,970
911.6,970
911.65,970
911.7,970
911.75,970
911.8,970
911.85,970
911.9,970
911.95,970
912,970
912.05,970
912.1,970
912.15,970
912.2,970
912.25,970
912.3,970
912.35,970
912.4,970
912.45,970
912.5,970
912.55,970
912.6,970
912.65,970
912.7,970
912.75,970
912.8,970
912.85,970
912.9,970
912.95,970
913,970
913.05,970
913.1,970
913.15,970
913.2,970
913.25,970
913.3,970
913.35,970
913.4,970
913.45,970
913.5,970
913.55,970
913.6,970
913.65,970
913.7,970
913.75,970
913.8,970
913.85,970
913.9,970
913.95,970
914,970
914.05,970
914.1,970
914.15,970
914.2,970
914.25,970
914.3,970
914.35,970
914.4,970
914.45,970
914.5,970
914.55,970
914.6,970
914.65,970
914.7,970
914.75,970
914.8,970
914.85,970
914.9,970
914.95,970
915,970
915.05,970
915.1,970
915.15,970
915.2,970
915.25,970
915.3,970
915.35,970
915.4,970
915.45,970
915.5,970
915.55,970
915.6,970
915.65,970
915.7,970
915.75,970
915.8,970
915.85,970
915.9,970
915.95,970
916,970
916.05,970
916.1,970
916.15,970
916.2,970
916.25,970
916.3,970
916.35,970
916.4,970
916.45,970
916.5,970
916.55,970
916.6,970
916.65,970
916.7,970
916.75,970
916.8,970
916.85,970
916.9,970
916.95,970
917,970
917.05,970
917.1,970
917.15,970
917.2,970
917.25,970
917.3,970
917.35,970
917.4,970
917.45,970
917.5,970
917.55,970
917.6,970
917.65,970
917.7,970
917.75,970
917.8,970
917.85,970
917.9,970
917.95,970
918,970
918.05,970
918.1,970
918.15,970
918.2,970
918.25,970
918.3,970
918.35,970
918.4,970
918.45,970
918.5,970
918.55,970
918.6,970
918.65,970
918.7,970
918.75,970
918.8,970
918.85,970
918.9,970
918.95,970
919,970
919.05,970
919.1,970
919.15,970
919.2,970
919.25,970
919.3,970
919.35,970
919.4,970
919.45,970
919.5,970
919.55,970
919.6,970
919.65,970
919.7,970
919.75,970
919.8,970
919.85,970
919.9,970
919.95,970
920,970
920.05,970
920.1,970
920.15,970
920.2,970
920.25,970
920.3,970
920.35,970
920.4,970
920.45,970
920.5,970
920.55,970
920.6,970
920.65,970
920.7,970
920.75,970
920.8,970
920.85,970
920.9,970
920.95,970
921,970
921.05,970
921.1,970
921.15,970
921.2,970
921.25,970
921.3,970
921.35,970
921.4,970
921.45,970
921.5,970
921.55,970
921.6,970
921.65,970
921.7,970
921.75,970
921.8,970
921.85,970
921.9,970
921.95,970
922,970
922.05,970
922.1,970
922.15,970
922.2,970
922.25,970
922.3,970
922.35,970
922.4,970
922.45,970
922.5,970
922.55,970
922.6,970
922.65,970
922.7,970
922.75,970
922.8,970
922.85,970
922.9,970
922.95,970
923,970
923.05,970
923.1,970
923.15,970
923.2,970
923.25,970
923.3,970
923.35,970
923.4,970
923.45,970
923.5,970
923.55,970
923.6,970
923.65,970
923.7,970
923.75,970
923.8,970
923.85,970
923.9,970
923.95,970
924,970
924.05,970
924.1,970
924.15,970
924.2,970
924.25,970
924.3,970
924.35,970
924.4,970
924.45,970
924.5,970
924.55,970
924.6,970
924.65,970
924.7,970
924.75,970
924.8,970
924.85,970
924.9,970
924.95,970
925,970
925.05,970
925.1,970
925.15,970
925.2,970
925.25,970
925.3,970
925.35,970
925.4,970
925.45,970
925.5,970
925.55,970
925.6,970
925.65,970
925.7,970
925.75,970
925.8,970
925.85,970
925.9,970
925.95,970
926,970
926.05,970
926.1,970
926.15,970
926.2,970
926.25,970
926.3,970
926.35,970
926.4,970
926.45,970
926.5,970
926.55,970
926.6,970
926.65,970
926.7,970
926.75,970
926.8,970
926.85,970
926.9,970
926.95,970
927,970
927.05,970
927.1,970
927.15,970
927.2,970
927.25,970
927.3,970
927.35,970
927.4,970
927.45,970
927.5,970
927.55,970
927.6,970
927.65,970
927.7,970
927.75,970
927.8,970
927.85,970
927.9,970
927.95,970
928,970
928.05,970
928.1,970
928.15,970
928.2,970
928.25,970
928.3,970
928.35,970
928.4,970
928.45,970
928.5,970
928.55,970
928.6,970
928.65,970
928.7,970
928.75,970
928.8,970
928.85,970
928.9,970
928.95,970
929,970
929.05,970
929.1,970
929.15,970
929.2,970
929.25,970
929.3,970
929.35,970
929.4,970
929.45,970
929.5,970
929.55,970
929.6,970
929.65,970
929.7,970
929.75,970
929.8,970
929.85,970
929.9,970
929.95,970
930,970
930.05,970
930.1,970
930.15,970
930.2,970
930.25,970
930.3,970
930.35,970
930.4,970
930.45,970
930.5,970
930.55,970
930.6,970
930.65,970
930.7,970
930.75,970
930.8,970
930.85,970
930.9,970
930.95,970
931,970
931.05,970
931.1,970
931.15,970
931.2,970
931.25,970
931.3,970
931.35,970
931.4,970
931.45,970
931.5,970
931.55,970
931.6,970
931.65,970
931.7,970
931.75,970
931.8,970
931.85,970
931.9,970
931.95,970
932,970
932.05,970
932.1,970
932.15,970
932.2,970
932.25,970
932.3,970
932.35,970
932.4,970
932.45,970
932.5,970
932.55,970
932.6,970
932.65,970
932.7,970
932.75,970
932.8,970
932.85,970
932.9,970
932.95,970
933,970
933.05,970
933.1,970
933.15,970
933.2,970
933.25,970
933.3,970
933.35,970
933.4,970
933.45,970
933.5,970
933.55,970
933.6,970
933.65,970
933.7,970
933.75,970
933.8,970
933.85,970
933.9,970
933.95,970
934,970
934.05,970
934.1,970
934.15,970
934.2,970
934.25,970
934.3,970
934.35,970
934.4,970
934.45,970
934.5,970
934.55,970
934.6,970
934.65,970
934.7,970
934.75,970
934.8,970
934.85,970
934.9,970
934.95,970
935,970
935.05,970
935.1,970
935.15,970
935.2,970
935.25,970
935.3,970
935.35,970
935.4,970
935.45,970
935.5,970
935.55,970
935.6,970
935.65,970
935.7,970
935.75,970
935.8,970
935.85,970
935.9,970
935.95,970
936,970
936.05,970
936.1,970
936.15,970
936.2,970
936.25,970
936.3,970
936.35,970
936.4,970
936.45,970
936.5,970
936.55,970
936.6,970
936.65,970
936.7,970
936.75,970
936.8,970
936.85,970
936.9,970
936.95,970
937,970
937.05,970
937.1,970
937.15,970
937.2,970
937.25,970
937.3,970
937.35,970
937.4,970
937.45,970
937.5,970
937.55,970
937.6,970
937.65,970
937.7,970
937.75,970
937.8,970
937.85,970
937.9,970
937.95,970
938,970
938.05,970
938.1,970
938.15,970
938.2,970
938.25,970
938.3,970
938.35,970
938.4,970
938.45,970
938.5,970
938.55,970
938.6,970
938.65,970
938.7,970
938.75,970
938.8,970
938.85,970
938.9,970
938.95,970
939,970
939.05,970
939.1,970
939.15,970
939.2,970
939.25,970
939.3,970
939.35,970
939.4,970
939.45,970
939.5,970
939.55,970
939.6,970
939.65,970
939.7,970
939.75,970
939.8,970
939.85,970
939.9,970
939.95,970
940,970
940.05,970
940.1,970
940.15,970
940.2,970
940.25,970
940.3,970
940.35,970
940.4,970
940.45,970
940.5,970
940.55,970
940.6,970
940.65,970
940.7,970
940.75,970
940.8,970
940.85,970
940.9,970
940.95,970
941,970
941.05,970
941.1,970
941.15,970
941.2,970
941.25,970
941.3,970
941.35,970
941.4,970
941.45,970
941.5,970
941.55,970
941.6,970
941.65,970
941.7,970
941.75,970
941.8,970
941.85,970
941.9,970
941.95,970
942,970
942.05,970
942.1,970
942.15,970
942.2,970
942.25,970
942.3,970
942.35,970
942.4,970
942.45,970
942.5,970
942.55,970
942.6,970
942.65,970
942.7,970
942.75,970
942.8,970
942.85,970
942.9,970
942.95,970
943,970
943.05,970
943.1,970
943.15,970
943.2,970
943.25,970
943.3,970
943.35,970
943.4,970
943.45,970
943.5,970
943.55,970
943.6,970
943.65,970
943.7,970
943.75,970
943.8,970
943.85,970
943.9,970
943.95,970
944,970
944.05,970
944.1,970
944.15,970
944.2,970
944.25,970
944.3,970
944.35,970
944.4,970
944.45,970
944.5,970
944.55,970
944.6,970
944.65,970
944.7,970
944.75,970
944.8,970
944.85,970
944.9,970
944.95,970
945,970
945.05,970
945.1,970
945.15,970
945.2,970
945.25,970
945.3,970
945.35,970
945.4,970
945.45,970
945.5,970
945.55,970
945.6,970
945.65,970
945.7,970
945.75,970
945.8,970
945.85,970
945.9,970
945.95,970
946,970
946.05,970
946.1,970
946.15,970
946.2,970
946.25,970
946.3,970
946.35,970
946.4,970
946.45,970
946.5,970
946.55,970
946.6,970
946.65,970
946.7,970
946.75,970
946.8,970
946.85,970
946.9,970
946.95,970
947,970
947.05,970
947.1,970
947.15,970
947.2,970
947.25,970
947.3,970
947.35,970
947.4,970
947.45,970
947.5,970
947.55,970
947.6,970
947.65,970
947.7,970
947.75,970
947.8,970
947.85,970
947.9,970
947.95,970
948,970
948.05,970
948.1,970
948.15,970
948.2,970
948.25,970
948.3,970
948.35,970
948.4,970
948.45,970
948.5,970
948.55,970
948.6,970
948.65,970
948.7,970
948.75,970
948.8,970
948.85,970
948.9,970
948.95,970
949,970
949.05,970
949.1,970
949.15,970
949.2,970
949.25,970
949.3,970
949.35,970
949.4,970
949.45,970
949.5,970
949.55,970
949.6,970
949.65,970
949.7,970
949.75,970
949.8,970
949.85,970
949.9,970
949.95,970
950,970
950.05,970
950.1,970
950.15,970
950.2,970
950.25,970
950.3,970
950.35,970
950.4,970
950.45,970
950.5,970
950.55,970
950.6,970
950.65,970
950.7,970
950.75,970
950.8,970
950.85,970
950.9,970
950.95,970
951,970
951.05,970
951.1,970
951.15,970
951.2,970
951.25,970
951.3,970
951.35,970
951.4,970
951.45,970
951.5,970
951.55,970
951.6,970
951.65,970
951.7,970
951.75,970
951.8,970
951.85,970
951.9,970
951.95,970
952,970
952.05,970
952.1,970
952.15,970
952.2,970
952.25,970
952.3,970
952.35,970
952.4,970
952.45,970
952.5,970
952.55,970
952.6,970
952.65,970
952.7,970
952.75,970
952.8,970
952.85,970
952.9,970
952.95,970
953,970
953.05,970
953.1,970
953.15,970
953.2,970
953.25,970
953.3,970
953.35,970
953.4,970
953.45,970
953.5,970
953.55,970
953.6,970
953.65,970
953.7,970
953.75,970
953.8,970
953.85,970
953.9,970
953.95,970
954,970
954.05,970
954.1,970
954.15,970
954.2,970
954.25,970
954.3,970
954.35,970
954.4,970
954.45,970
954.5,970
954.55,970
954.6,970
954.65,970
954.7,970
954.75,970
954.8,970
954.85,970
954.9,970
954.95,970
955,970
955.05,970
955.1,970
955.15,970
955.2,970
955.25,970
955.3,970
955.35,970
955.4,970
955.45,970
955.5,970
955.55,970
955.6,970
955.65,970
955.7,970
955.75,970
955.8,970
955.85,970
955.9,970
955.95,970
956,970
956.05,970
956.1,970
956.15,970
956.2,970
956.25,970
956.3,970
956.35,970
956.4,970
956.45,970
956.5,970
956.55,970
956.6,970
956.65,970
956.7,970
956.75,970
956.8,970
956.85,970
956.9,970
956.95,970
957,970
957.05,970
957.1,970
957.15,970
957.2,970
957.25,970
957.3,970
957.35,970
957.4,970
957.45,970
957.5,970
957.55,970
957.6,970
957.65,970
957.7,970
957.75,970
957.8,970
957.85,970
957.9,970
957.95,970
958,970
958.05,970
958.1,970
958.15,970
958.2,970
958.25,970
958.3,970
958.35,970
958.4,970
958.45,970
958.5,970
958.55,970
958.6,970
958.65,970
958.7,970
958.75,970
958.8,970
958.85,970
958.9,970
958.95,970
959,970
959.05,970
959.1,970
959.15,970
959.2,970
959.25,970
959.3,970
959.35,970
959.4,970
959.45,970
959.5,970
959.55,970
959.6,970
959.65,970
959.7,970
959.75,970
959.8,970
959.85,970
959.9,970
959.95,970
960,970
960.05,970
960.1,970
960.15,970
960.2,970
960.25,970
960.3,970
960.35,970
960.4,970
960.45,970
960.5,970
960.55,970
960.6,970
960.65,970
960.7,970
960.75,970
960.8,970
960.85,970
960.9,970
960.95,970
961,970
961.05,970
961.1,970
961.15,970
961.2,970
961.25,970
961.3,970
961.35,970
961.4,970
961.45,970
961.5,970
961.55,970
961.6,970
961.65,970
961.7,970
961.75,970
961.8,970
961.85,970
961.9,970
961.95,970
962,970
962.05,970
962.1,970
962.15,970
962.2,970
962.25,970
962.3,970
962.35,970
962.4,970
962.45,970
962.5,970
962.55,970
962.6,970
962.65,970
962.7,970
962.75,970
962.8,970
962.85,970
962.9,970
962.95,970
963,970
963.05,970
963.1,970
963.15,970
963.2,970
963.25,970
963.3,970
963.35,970
963.4,970
963.45,970
963.5,970
963.55,970
963.6,970
963.65,970
963.7,970
963.75,970
963.8,970
963.85,970
963.9,970
963.95,970
964,970
964.05,970
964.1,970
964.15,970
964.2,970
964.25,970
964.3,970
964.35,970
964.4,970
964.45,970
964.5,970
964.55,970
964.6,970
964.65,970
964.7,970
964.75,970
964.8,970
964.85,970
964.9,970
964.95,970
965,970
965.05,970
965.1,970
965.15,970
965.2,970
965.25,970
965.3,970
965.35,970
965.4,970
965.45,970
965.5,970
965.55,970
965.6,970
965.65,970
965.7,970
965.75,970
965.8,970
965.85,970
965.9,970
965.95,970
966,970
966.05,970
966.1,970
966.15,970
966.2,970
966.25,970
966.3,970
966.35,970
966.4,970
966.45,970
966.5,970
966.55,970
966.6,970
966.65,970
966.7,970
966.75,970
966.8,970
966.85,970
966.9,970
966.95,970
967,970
967.05,970
967.1,970
967.15,970
967.2,970
967.25,970
967.3,970
967.35,970
967.4,970
967.45,970
967.5,970
967.55,970
967.6,970
967.65,970
967.7,970
967.75,970
967.8,970
967.85,970
967.9,970
967.95,970
968,970
968.05,970
968.1,970
968.15,970
968.2,970
968.25,970
968.3,970
968.35,970
968.4,970
968.45,970
968.5,970
968.55,970
968.6,970
968.65,970
968.7,970
968.75,970
968.8,970
968.85,970
968.9,970
968.95,970
969,970
969.05,970
969.1,970
969.15,970
969.2,970
969.25,970
969.3,970
969.35,970
969.4,970
969.45,970
969.5,970
969.55,970
969.6,970
969.65,970
969.7,970
969.75,970
969.8,970
969.85,970
969.9,970
969.95,970
970,970
970.05,970
970.1,970
970.15,970
970.2,970
970.25,970
970.3,970
970.35,970
970.4,970
970.45,970
970.5,970
970.55,970
970.6,970
970.65,970
970.7,970
970.75,970
970.8,970
970.85,970
970.9,970
970.95,970
971,970
971.05,970
971.1,970
971.15,970
971.2,970
971.25,970
971.3,970
971.35,970
971.4,970
971.45,970
971.5,970
971.55,970
971.6,970
971.65,970
971.7,970
971.75,970
971.8,970
971.85,970
971.9,970
971.95,970
972,970
972.05,970
972.1,970
972.15,970
972.2,970
972.25,970
972.3,970
972.35,970
972.4,970
972.45,970
972.5,970
972.55,970
972.6,970
972.65,970
972.7,970
972.75,970
972.8,970
972.85,970
972.9,970
972.95,970
973,970
973.05,970
973.1,970
973.15,970
973.2,970
973.25,970
973.3,970
973.35,970
973.4,970
973.45,970
973.5,970
973.55,970
973.6,970
973.65,970
973.7,970
973.75,970
973.8,970
973.85,970
973.9,970
973.95,970
974,970
974.05,970
974.1,970
974.15,970
974.2,970
974.25,970
974.3,970
974.35,970
974.4,970
974.45,970
974.5,970
974.55,970
974.6,970
974.65,970
974.7,970
974.75,970
974.8,970
974.85,970
974.9,970
974.95,970
975,970
975.05,970
975.1,970
975.15,970
975.2,970
975.25,970
975.3,970
975.35,970
975.4,970
975.45,970
975.5,970
975.55,970
975.6,970
975.65,970
975.7,970
975.75,970
975.8,970
975.85,970
975.9,970
975.95,970
976,970
976.05,970
976.1,970
976.15,970
976.2,970
976.25,970
976.3,970
976.35,970
976.4,970
976.45,970
976.5,970
976.55,970
976.6,970
976.65,970
976.7,970
976.75,970
976.8,970
976.85,970
976.9,970
976.95,970
977,970
977.05,970
977.1,970
977.15,970
977.2,970
977.25,970
977.3,970
977.35,970
977.4,970
977.45,970
977.5,970
977.55,970
977.6,970
977.65,970
977.7,970
977.75,970
977.8,970
977.85,970
977.9,970
977.95,970
978,970
978.05,970
978.1,970
978.15,970
978.2,970
978.25,970
978.3,970
978.35,970
978.4,970
978.45,970
978.5,970
978.55,970
978.6,970
978.65,970
978.7,970
978.75,970
978.8,970
978.85,970
978.9,970
978.95,970
979,970
979.05,970
979.1,970
979.15,970
979.2,970
979.25,970
979.3,970
979.35,970
979.4,970
979.45,970
979.5,970
979.55,970
979.6,970
979.65,970
979.7,970
979.75,970
979.8,970
979.85,970
979.9,970
979.95,970
980,970
980.05,970
980.1,970
980.15,970
980.2,970
980.25,970
980.3,970
980.35,970
980.4,970
980.45,970
980.5,970
980.55,970
980.6,970
980.65,970
980.7,970
980.75,970
980.8,970
980.85,970
980.9,970
980.95,970
981,970
981.05,970
981.1,970
981.15,970
981.2,970
981.25,970
981.3,970
981.35,970
981.4,970
981.45,970
981.5,970
981.55,970
981.6,970
981.65,970
981.7,970
981.75,970
981.8,970
981.85,970
981.9,970
981.95,970
982,970
982.05,970
982.1,970
982.15,970
982.2,970
982.25,970
982.3,970
982.35,970
982.4,970
982.45,970
982.5,970
982.55,970
982.6,970
982.65,970
982.7,970
982.75,970
982.8,970
982.85,970
982.9,970
982.95,970
983,970
983.05,970
983.1,970
983.15,970
983.2,970
983.25,970
983.3,970
983.35,970
983.4,970
983.45,970
983.5,970
983.55,970
983.6,970
983.65,970
983.7,970
983.75,970
983.8,970
983.85,970
983.9,970
983.95,970
984,970
984.05,970
984.1,970
984.15,970
984.2,970
984.25,970
984.3,970
984.35,970
984.4,970
984.45,970
984.5,970
984.55,970
984.6,970
984.65,970
984.7,970
984.75,970
984.8,970
984.85,970
984.9,970
984.95,970
985,970
985.05,970
985.1,970
985.15,970
985.2,970
985.25,970
985.3,970
985.35,970
985.4,970
985.45,970
985.5,970
985.55,970
985.6,970
985.65,970
985.7,970
985.75,970
985.8,970
985.85,970
985.9,970
985.95,970
986,970
986.05,970
986.1,970
986.15,970
986.2,970
986.25,970
986.3,970
986.35,970
986.4,970
986.45,970
986.5,970
986.55,970
986.6,970
986.65,970
986.7,970
986.75,970
986.8,970
986.85,970
986.9,970
986.95,970
987,970
987.05,970
987.1,970
987.15,970
987.2,970
987.25,970
987.3,970
987.35,970
987.4,970
987.45,970
987.5,970
987.55,970
987.6,970
987.65,970
987.7,970
987.75,970
987.8,970
987.85,970
987.9,970
987.95,970
988,970
988.05,970
988.1,970
988.15,970
988.2,970
988.25,970
988.3,970
988.35,970
988.4,970
988.45,970
988.5,970
988.55,970
988.6,970
988.65,970
988.7,970
988.75,970
988.8,970
988.85,970
988.9,970
988.95,970
989,970
989.05,970
989.1,970
989.15,970
989.2,970
989.25,970
989.3,970
989.35,970
989.4,970
989.45,970
989.5,970
989.55,970
989.6,970
989.65,970
989.7,970
989.75,970
989.8,970
989.85,970
989.9,970
989.95,970
990,970
990.05,970
990.1,970
990.15,970
990.2,970
990.25,970
990.3,970
990.35,970
990.4,970
990.45,970
990.5,970
990.55,970
990.6,970
990.65,970
990.7,970
990.75,970
990.8,970
990.85,970
990.9,970
990.95,970
991,970
991.05,970
991.1,970
991.15,970
991.2,970
991.25,970
991.3,970
991.35,970
991.4,970
991.45,970
991.5,970
991.55,970
991.6,970
991.65,970
991.7,970
991.75,970
991.8,970
991.85,970
991.9,970
991.95,970
992,970
992.05,970
992.1,970
992.15,970
992.2,970
992.25,970
992.3,970
992.35,970
992.4,970
992.45,970
992.5,970
992.55,970
992.6,970
992.65,970
992.7,970
992.75,970
992.8,970
992.85,970
992.9,970
992.95,970
993,970
993.05,970
993.1,970
993.15,970
993.2,970
993.25,970
993.3,970
993.35,970
993.4,970
993.45,970
993.5,970
993.55,970
993.6,970
993.65,970
993.7,970
993.75,970
993.8,970
993.85,970
993.9,970
993.95,970
994,970
994.05,970
994.1,970
994.15,970
994.2,970
994.25,970
994.3,970
994.35,970
994.4,970
994.45,970
994.5,970
994.55,970
994.6,970
994.65,970
994.7,970
994.75,970
994.8,970
994.85,970
994.9,970
994.95,970
995,970
995.05,970
995.1,970
995.15,970
995.2,970
995.25,970
995.3,970
995.35,970
995.4,970
995.45,970
995.5,970
995.55,970
995.6,970
995.65,970
995.7,970
995.75,970
995.8,970
995.85,970
995.9,970
995.95,970
996,970
996.05,970
996.1,970
996.15,970
996.2,970
996.25,970
996.3,970
996.35,970
996.4,970
996.45,970
996.5,970
996.55,970
996.6,970
996.65,970
996.7,970
996.75,970
996.8,970
996.85,970
996.9,970
996.95,970
997,970
997.05,970
997.1,970
997.15,970
997.2,970
997.25,970
997.3,970
997.35,970
997.4,970
997.45,970
997.5,970
997.55,970
997.6,970
997.65,970
997.7,970
997.75,970
997.8,970
997.85,970
997.9,970
997.95,970
998,970
998.05,970
998.1,970
998.15,970
998.2,970
998.25,970
998.3,970
998.35,970
998.4,970
998.45,970
998.5,970
998.55,970
998.6,970
998.65,970
998.7,970
998.75,970
998.8,970
998.85,970
998.9,970
998.95,970
999,970
999.05,970
999.1,970
999.15,970
999.2,970
999.25,970
999.3,970
999.35,970
999.4,970
999.45,970
999.5,970
999.55,970
999.6,970
999.65,970
999.7,970
999.75,970
999.8,970
999.85,970
999.9,970
999.95,970
1000,970
